k,c,h0,i0,kh,kv,V_kmh
33818320.5602288,13540.1648104182,0.0103436530033507,25.9010019573515,5753.5131591272,73.2889318742175,241.848415322939
50914610.6930316,6683.93431611578,0.00966420264238639,27.3281757118684,7008.02362453177,74.9462441178161,314.54887849153
39205125.7973658,6640.52030285001,0.0109880594580103,23.8034389522088,6364.13046150844,35.8510372659011,416.911486309779
44039709.7749313,14215.4244283946,0.010094674454354,26.293251364713,5667.29538518072,73.7981682261013,205.674285482298
31749542.9100678,8825.74931205564,0.0100785240441894,20.4254303979908,8113.87046490013,48.7065472247337,493.590070525821
55672982.8939461,12611.8010026928,0.00963929738512629,28.5144165376208,5973.23079949496,67.0069127697931,226.560810919322
38738750.0254807,8354.56240687492,0.0109804158905401,21.5517636565572,8395.27315742942,49.7320021216435,221.967868529606
46623618.3231482,5270.78794304227,0.00915933195168936,24.9327270728067,4932.13202365694,38.6898675014927,318.807730968453
34191351.5052679,18273.9945731936,0.00853313966349968,28.0395137781054,8060.61662946938,36.4955806100399,319.839356279145
54521077.0263717,13043.551148889,0.00886957996305628,21.8663512428889,8334.29734064678,33.9391727741553,469.937431072582
41497494.8012595,11642.8958782437,0.00831946522674153,26.1880518135926,7917.74518778258,75.1780329403134,214.569419243838
45532008.4777476,8007.29283373228,0.0109263129096081,28.6332465081711,8788.64158949466,34.1740585488851,242.760031654829
31216580.6464186,17038.3834861264,0.0112267693655156,21.2616388139121,8721.90118752312,49.2622975216431,491.025125664257
57527165.8337538,11268.4567054429,0.00989300936180669,25.2997464759564,8905.76520842363,67.4175417490961,213.868562751818
36645381.6574171,9726.53077006858,0.00815637334995445,28.6193840329075,7073.85664090691,43.2017887708065,467.261737330537
50406258.3943076,5038.49938968322,0.00813893966381207,29.30478072165,7235.20327539422,29.9037560880699,389.109783972844
33393198.1020382,9645.79176958831,0.0084898312863597,26.9467797546873,6179.52142550032,57.3990435052346,283.101519290734
51608693.8996019,8686.75641108155,0.0113207743138809,28.7056468785636,4782.7295991192,52.4772032003698,365.59129143086
40328717.7429992,19715.4423148324,0.0107047408175031,21.0760730006393,6503.02479296213,42.2401497281905,341.598962160366
42618617.5526558,12094.7674127514,0.0108849941192148,29.7468130541878,6854.80185587032,28.4347142243838,491.573539651255
32333648.1183379,7468.23733422176,0.00959064491446023,28.7293178943087,5257.28046891572,69.7081722760808,290.38482652022
57450834.9344316,8615.19086868707,0.0115359620862597,29.9705031763395,5627.7546537334,62.271809541443,335.893672316711
37790680.0443796,14890.8765246668,0.00923529547991339,21.6098862560627,5886.28480567594,47.4023143210284,452.595019953395
47332121.3081216,5670.24421245974,0.0113145657721029,26.7424710501834,5643.57820370804,25.933204686948,230.302212596544
35294264.7013427,7401.40488674359,0.00929733354150608,29.9456157789929,5154.42508645981,75.0445042230707,410.476465641313
53233574.2042788,8018.65686183338,0.010388272983079,25.6861399589345,6434.02932203059,79.9663268735927,340.915625008238
41803702.4068583,17854.2285845282,0.00977928220037771,23.4821487275267,6219.6495897308,45.7711870888486,425.37058753426
44940274.7186519,18778.82039033,0.0109063243540015,22.1166453439455,5057.23766848611,48.3497495638446,214.011023617048
30339875.1993042,13571.1149853553,0.0119789435893154,26.5592470920376,8534.07167686608,59.8676516117001,262.123449864101
59185625.552104,15094.7256743512,0.00914083483066643,20.0016040099601,8429.53236460548,26.6949998482238,432.625654866635
35963462.5828077,12496.9133787414,0.00933630124462805,25.2859991561935,6470.93028128475,74.5816642753223,369.688101435222
48703793.0425057,11065.5720006861,0.0113790888965415,28.3906503553346,6551.33543351191,70.0215644657303,355.452866542898
33519236.1072089,9771.49966086706,0.00808083346413878,29.3823556302235,5578.80944571039,28.0918968189353,257.755355407439
51016859.1684577,6142.31078090329,0.00825913416794983,20.7117680169017,5305.54842755213,42.4106066080557,407.802611534488
39752011.4773854,5195.92697501459,0.0100939099640336,22.1438489286311,5983.62897839646,46.6597656121439,478.505697757713
43654707.1595347,15469.5418430713,0.0119390129520016,20.340915627036,6764.22591307245,38.8601869375272,448.708309842241
31333132.4657055,8429.61267853773,0.00941219645458635,20.2367317336687,8535.58034804644,69.08678562701,427.024154535817
55129076.7073361,12039.1145864085,0.0108680331995263,28.3232860189219,5867.53014073327,43.3248796068722,253.429462404333
38191038.8504684,7655.20546843999,0.0110728032552148,25.5506761995842,5129.41043550197,67.6174317937698,427.720502286511
47272736.1184242,6873.22195521146,0.0097976526998283,21.6395215909246,5000.77365715673,49.4436320306448,258.376439365069
34822651.9882551,19912.2723190497,0.00937555537012665,23.9231180168779,4453.91128449547,77.0851684087909,414.086758632914
53902038.8018984,9858.37876520223,0.0106165303012539,22.8478497504031,8159.6127076286,78.7424667925095,486.69538242514
40653593.0938823,5490.65847237063,0.00941840499078341,24.542441031622,6891.62271653283,35.6287255622279,299.812084491135
46260867.8874682,5397.22928768126,0.0102672004921176,21.0648243548078,8131.55411689339,40.5506235244451,385.781055831218
30957909.7352362,7765.17713795716,0.00834762839699848,22.8617178891316,7685.6775479964,58.4714903171856,261.85607095987
58579243.6552593,5171.55762454336,0.0115421657002693,20.6537153111153,6226.94062713939,54.9806672494477,278.624050250736
36963542.2017216,18557.8660083816,0.0088266473087673,29.3355605819751,8805.510783764,28.2135557531173,283.217284885686
49431716.4081077,14825.4050965171,0.0116312634276246,23.1802555196605,7032.74210945472,20.8612939484337,286.660561676393
32932159.2652164,6002.52567296623,0.00882861344906918,24.6714571235664,5429.73710998763,77.2521674878986,495.44357360123
52669391.8599066,5880.254573832,0.0109687411488768,29.0044337847354,7963.1615941865,44.0613525319613,410.815493732473
39982799.3945552,9043.25160224804,0.00885252339183822,25.4926285275963,4176.96672997703,20.4582310887626,256.354396256167
43049982.0235034,9136.42554316836,0.00863194070229259,26.1969447412451,7031.62272669687,73.0051923573322,474.447680960614
32386124.7296393,14711.163184361,0.00867920581759472,22.0842209104513,4561.89225030931,49.491911871579,223.886849870922
56533235.427836,13896.4322301738,0.00865029853906152,20.3050370051039,4703.20309893848,32.5189529304518,295.131149145575
37543385.857003,6560.17751575294,0.0111243565236387,21.8691607595436,8132.95838422193,46.7654742057638,332.468472472454
47905495.4241864,12796.6245062961,0.0100427578459666,21.5417357463103,7489.305901174,48.0239775295189,486.973369509153
34997353.6536868,7107.56476624029,0.0101933841198936,29.4703664609255,4029.51364918085,35.4245133174361,360.138843480867
53266562.8634907,5904.80869866113,0.0104039079367588,20.6433764083571,4382.00606041699,34.25976425653,210.240906392427
42366293.4759678,6615.0971122347,0.0109070158865037,26.3215991967541,4135.7401459792,75.4911294241869,465.480887438772
44646434.8925868,5452.27994639366,0.00879659033591122,21.9043839341729,6600.78621969326,49.5723054638538,403.260044247979
30049451.7107099,5076.82912269579,0.0106285591398341,21.7196944615013,4286.04789296099,66.1380835141922,453.39407192648
59626188.7692333,16495.4805545268,0.00879813304675929,26.6277749285698,5134.03968277861,59.6982419761402,226.28193376952
36424082.6297261,18011.5888486206,0.010671168506686,22.3489261844836,6765.33938316711,47.6320506166327,269.989643577803
49254558.7455987,6435.90175364653,0.00911089203003688,29.3453797687701,5136.70774910884,66.6540727673224,452.633162814381
34115775.1678183,17237.6375682914,0.0113964488699348,22.1825711045413,4861.22180404627,62.9010535675437,469.708252850884
50549885.7965652,19555.7484909781,0.00828916137900973,23.4699315228826,6101.76354957772,57.9789163162065,253.332316305787
38974867.5461534,9366.53438484253,0.0106345273482549,23.681653787471,6237.59429332074,40.4148553192139,289.852735545189
44292055.9115552,6674.34474566677,0.00838023942836435,20.9769655712598,6556.00247308512,32.3998381138657,246.172208080062
31956044.1098675,5587.12084504458,0.00982812007205154,24.3235077051372,8983.48502329251,78.0757675362118,313.374055858897
56105160.16786,6973.99730922888,0.00968742754072885,20.7417265325973,4689.99498627378,77.6645876382999,494.11164359946
38643917.4097865,10937.6531862035,0.0111052835552715,27.6935999670933,4324.03981652289,32.8317434630013,310.760473072022
46348746.8471916,7635.93217751841,0.00946205031922978,22.5526806614619,4705.72792785901,41.3333095101529,369.722055579985
34380253.2093715,5095.94085624005,0.0110208323368852,25.2971022761979,5493.44462583647,67.1047153971508,252.015951824141
54897017.8694929,15763.387113751,0.0109266982233477,27.2559754608666,7212.77195092009,74.6653413249802,225.709606742441
41130329.4585782,5535.32123095848,0.00966355312206357,26.5289179027612,8273.74879072342,52.344929972064,361.33858584708
45322985.0155497,7568.22348353129,0.00999697134505635,22.7019469237542,7923.12576718412,77.9140295486852,211.384697215704
31063393.4920758,19164.0861681735,0.00815659874635295,27.2030473567048,7988.22555016225,63.0613173530781,450.330290641466
57820098.6445564,7008.22544351081,0.00881808143819233,25.9573742957631,4522.79648492199,66.1473557659805,481.378007888315
36686868.9784861,8205.3330413468,0.00863854779258111,21.2443437665963,6627.8959544103,31.3856904582913,394.928383494773
50015870.7431781,15027.8080935319,0.0113880683205215,25.0782219148015,8171.99714801135,67.5810670360267,375.140133061705
33239908.4273929,8554.85197412626,0.0114355278661906,21.6405921516247,5609.49325046003,39.9090035502974,325.554739066134
51860898.1244515,9811.10598883929,0.00825007770517738,22.7717503095887,4427.55000701779,35.4555262213864,388.122202560639
40550759.2857623,11016.2237091051,0.0107473120750184,24.3520931629979,5606.81988432228,33.7386953037099,400.21767287198
42680839.6232051,7318.09970517175,0.0113404314976731,23.1717232267679,7638.64706395498,26.4101572584564,372.601516280407
32091081.8629371,7249.77211115993,0.0119108091281723,28.4571140140276,4076.58799047992,42.4084305725796,294.684533404499
57071117.7035419,9892.99009042287,0.0086061952074091,24.0269578083596,6161.24094880881,49.8208885245087,310.433069201339
37988237.5636838,15758.7686382782,0.0101802830271609,26.9188203670725,5823.99479697314,64.8927977660044,493.289998062321
47669316.7047027,16583.2983535595,0.00806369967361383,27.5256492580856,4705.10474952518,78.141565475109,253.868574795953
35646540.4702706,8875.07018388329,0.00977883567167843,22.417988045809,4643.82405850926,63.2879402117964,483.436963746819
52785686.2033774,11725.2595294152,0.00913934549626615,29.9078004560406,4246.58456728368,27.1717978015107,289.150180068657
41626830.8145384,18483.6994663842,0.0108335627062005,27.5410835076505,5490.93491169926,59.042922210246,478.443352251165
45176197.9369106,18157.7259759987,0.00997704381744625,26.7977947338265,4230.86175843585,62.0897350085257,244.818874106243
30610697.7907622,6725.19745544071,0.0100099322273805,26.1967850504492,8890.34231239217,67.6865679574325,407.135134070265
58951806.0012369,12490.8147373154,0.0110924846389743,25.8613682458527,7034.5311794778,68.4760990781409,262.298124709355
35766563.8573191,7304.37228677828,0.0108563426305123,28.0088078859085,8942.87814660514,44.0186317579801,456.552188039995
48386871.6497057,8975.95584452254,0.0106532845682042,26.9270259729605,4652.40049574162,44.3108091789061,275.787170103366
33663214.253712,10275.5759392222,0.00982238486394889,25.9241050406943,8747.48507630661,53.8264594314614,487.421196006973
51480186.4898011,5318.38719348542,0.00983865973279929,25.0675066182237,7375.25984253824,66.7373709553526,327.41229852301
39360734.5946701,14317.059801334,0.00827869730335865,20.3975473836835,8381.50644985614,41.1820087918092,282.215972706712
43429976.2551866,11637.5747621265,0.00806933077030747,29.0682685130108,8733.32195660028,29.2511727057038,432.267851478872
31537532.8278447,11815.3261948341,0.00868633871909563,23.8121722605119,5484.31653582312,43.3742064310925,206.696674952299
55432366.6700719,8272.56825751302,0.0110937688630746,26.9744103851549,8928.7362777885,69.0594368131104,473.756976631859
38320394.524223,12210.4022827265,0.0117209543940301,24.6218433665162,8459.28383198231,33.3765783688628,263.832377263778
46820099.0922896,6893.80892588782,0.0106785820881526,24.9609221867733,6605.91425592555,34.2240170399998,410.424852452671
34634943.1781442,9547.28574879385,0.0117468164705134,29.3449290594193,5785.40537006053,75.8682701416556,365.709600911769
54143864.0462175,10212.8470686157,0.0113589285638663,21.8554170565792,6329.032946919,36.9843553559279,257.024908308408
41049356.3476109,8697.52442437146,0.00907672927879056,28.1057841463789,8019.75021099408,60.4632633567866,247.644865510746
45844336.9646863,5963.05527051692,0.0118145100351762,25.3418940614561,5201.26547585923,68.597297349685,278.968629266817
30668758.637028,11149.1916600142,0.0100299818328118,24.5920166951528,5121.70813867392,53.7452662193482,386.660275927227
58248046.0083232,7491.53271118485,0.00841833218184802,29.3804575402285,4270.62869940084,73.0280961112712,295.064513361868
37197776.704623,5351.98572333541,0.00908461716584529,25.3670537031583,5675.81188068706,54.1879846926798,353.588012846717
49858127.8992069,14124.4241409358,0.0118481814656754,29.1652447967646,7799.16955521844,75.6996077471523,261.483033821159
32818037.0237874,12925.0492563224,0.00917271266964667,23.0809319824155,5786.31411367865,54.9610564626737,342.817357019889
52371134.8201002,18454.4147178861,0.00947976638930381,26.7516529625527,5434.95662998986,74.4208424891806,492.699111604433
39763055.4596152,10093.9533085607,0.0113400942535278,27.7649942255476,6707.38397698971,53.618139049893,343.218482895318
43245781.8339883,9429.7736964203,0.0117025991659414,20.2560321095494,7257.48761480913,29.6748508607475,434.338783418184
32682134.3884632,7922.45241505555,0.0100056988969558,24.4192128807601,8281.08553820495,74.9410960882104,350.149330230526
56438287.4529181,9504.68338892042,0.0119011236290895,24.2182124710804,5645.3748000894,69.7247674055133,318.368189702763
37353365.7463185,11539.8944206992,0.0101646174377328,21.9128321378546,4985.35491191357,49.1857790075032,362.618138059595
48181806.3043944,5161.38619134261,0.0112461495146649,22.201194741901,5627.17660090463,48.3923566448032,217.780086671029
35156513.998471,8163.82625181239,0.00913908073124524,24.154260636547,5180.59401625523,52.504785858911,393.857355691396
53830509.6589166,10729.6543277176,0.00879668567496207,23.2816367787596,8149.99768032243,60.1734995329286,383.982634866026
41991574.1054927,6966.00874047506,0.00858661611476999,26.4913585433402,5353.1195515024,44.2124487183618,499.303420287188
44409462.7853072,8568.4422969468,0.00875310354313613,22.6619460092538,5704.88691029297,26.1730961886922,349.396354861042
30209775.1461785,9087.59773631018,0.0106711347411559,23.472284576507,8311.98244326065,57.6477791384243,211.957711229229
59833404.980903,15664.2125746845,0.0106964756662366,26.8095724972217,6375.84178361188,28.1852658442614,213.483920312735
36094371.9699347,9952.69862691054,0.00802839124751005,24.7013918431404,5452.6384775383,73.0518732196373,406.230810952542
48905248.740439,17257.4397902602,0.0103619778908517,25.1194074715168,5446.25005405943,28.9758731132363,466.86173635505
33919961.0825966,7580.56843229697,0.0103146385177066,21.5994107855336,8022.25783558075,63.5340486938741,235.050932076508
50807038.0728811,7861.0024968697,0.00949987702989122,22.8117178267982,6704.20115294203,60.4870973162568,451.132794513019
39305597.6850903,13668.9828073126,0.00988564471350074,21.9707459681729,4052.48045433235,62.7375424739792,341.215419990009
43827805.2125015,12343.1698766261,0.0108037458696994,23.6511627834024,5351.00119080656,58.2843413006163,409.934127480504
31768347.0256355,5422.48108679127,0.0107574000982992,29.6299986950957,7805.4727314142,34.2185544946742,290.769468950565
55797988.6478871,15560.1823883366,0.0101360752290896,23.4631619899028,7139.8266790813,48.2590136382103,407.247557012225
38864048.024319,9804.54420027255,0.00859322065994109,25.5712996889765,6871.62359180415,63.1587179081541,224.187066364857
46762310.8818987,14213.9735905428,0.00855612236663852,24.6900664929784,5062.34307445295,33.6905671415633,224.710478539811
34325110.7197785,15236.2026923444,0.0108959055704667,23.9389725607743,7709.11382377736,50.1446562170688,312.930369870425
54623104.2569202,11115.3504496799,0.0107021034250633,25.2683850948963,7435.49974125398,79.4203330044637,462.820179829944
41366007.9226122,17507.0028390697,0.0118152668956073,21.2198240063326,4260.275221691,41.4300556313435,399.351995453249
45752149.08853,6515.32716280068,0.0102221074144345,21.3040025161499,8479.66931387207,48.7481222483998,372.917009950968
31301800.4117009,9155.85250175398,0.00814168387521547,24.5069945126843,6703.10206245211,52.1418732893693,267.742649601252
57727096.793643,18350.1026249944,0.0091929109782028,24.8363269636086,8596.75720690313,52.9313977316004,420.490963182553
36475257.7500072,5848.91765350498,0.00899204699266359,21.2800310931228,6755.72848639166,28.481265618374,298.306643631189
50284725.4544182,19388.5198847594,0.00814410485076631,23.1962441984777,4968.27288279938,46.3992093088348,386.34061670903
33291326.5280433,16419.6153012857,0.00958711221135524,21.5037212153383,5492.52693179885,62.0842112964488,454.123840084747
51757895.3781566,6449.25751342637,0.00944728275138703,28.9934620277459,5879.6094755337,25.0750649490766,318.453996906763
40260049.6078418,8391.78043956201,0.0113720787621493,25.4743224644509,7200.23075440077,46.9482916456614,470.589775598538
42459740.2426308,5050.51828948688,0.0110377130709937,24.3036014845699,7473.49180975295,23.7228843817102,320.688405064826
32258578.6306076,13054.7887469728,0.00956349204344871,23.7734015858703,8148.57903332093,53.5063820298738,335.341529403174
57184081.3631945,5066.13372710904,0.0113624582528004,20.1314554356282,5311.11487349592,76.8481297612692,429.711293863409
37698804.40546,7239.29384665951,0.0101345935645331,24.7698594839936,4531.54701645278,50.2525932563189,225.881000559965
47467537.09352,11569.4344333291,0.00830785439848433,29.9887430167189,4927.90934553383,75.4680253089986,453.429084766276
35464881.8581861,6430.95771157353,0.00960108678632727,20.1160666344645,4848.16067747517,60.3216604008294,205.163990747962
53074668.4374094,13670.6152559541,0.00933373400127154,24.4519814406152,6416.91709462682,25.5860890980021,234.281102316357
41908047.9207084,8246.25626878035,0.0111139172784576,25.6648594433977,7775.61279427135,76.9591983749214,206.16020801663
44837967.4061977,12483.427858151,0.0119761399028242,23.1739026961457,8630.81532571371,39.9647880561526,416.280447045159
30409105.6566938,17259.1350056933,0.0109198702886492,27.5203645375731,4998.27371592904,51.8179823309588,357.585097494511
59200932.1287102,9754.13321771907,0.0119935822101097,27.8190840685521,5604.01049190816,50.5594790348316,204.177568165005
36020836.8163478,7371.09979736455,0.010375451700399,24.032361690934,6375.69363943224,20.2197138716003,487.929928910159
48738069.978247,10308.3153288226,0.00984251802002071,27.0371157002429,8023.77259255293,61.7232039691883,230.023400810009
33607109.7808593,10405.5228346939,0.0094126443530355,22.4055190591479,6336.71405458958,77.8382106030401,455.596651632807
51142473.3801875,16198.966525489,0.0092471324739324,28.7347980791927,5985.93846081326,52.7817379156725,305.468839470503
39568061.4665356,5458.10584709992,0.00868235404856505,23.2829928080637,4804.09381334498,25.3537057261516,331.918251989765
43816672.4136049,8162.68546024105,0.00957929615616158,21.6337053233792,5355.17686762102,30.109540360724,425.791386132099
31490755.6301127,13219.7018651068,0.0108826709122807,20.5930169309509,6951.01502439545,71.7457814659006,337.416263326082
55250841.8386831,11541.5162599375,0.0106169789755256,24.5111213338119,5472.46520138831,71.8070171552383,480.097900802586
38081978.9747031,9502.95318018847,0.0113179627661136,21.5807344528575,4882.46182481714,47.572937069103,200.886995929175
47034564.9284727,17679.854164919,0.0102666318336977,21.2832357932236,5485.75734224378,46.2569848785284,356.049982180833
34763103.2720854,9428.85334108731,0.0110158006070855,22.6962404731723,8371.97253368437,52.0601112648876,390.101206538133
54081043.1113169,8898.80739983069,0.00816968277336436,21.6426356881113,6975.79569681807,56.9820918252488,323.761200483191
40842618.3707467,5175.67230518719,0.0118660915133791,20.8843715366392,8231.69449456902,28.8536150382796,434.474786313986
46131624.1897226,18634.9521611281,0.0112244538857645,28.3945591240803,8785.08741758553,50.9219336255804,338.113396859786
30851264.5084505,7319.98722409665,0.0109310697445028,21.7053292684078,8688.74481696708,65.7737287293941,399.150909425918
58449582.0796077,5349.60560545366,0.0104098524776394,20.6014622214349,8591.35814262904,21.1675112900102,443.378401185118
36941986.7925266,11990.2064192538,0.0088667685493958,28.4932722561645,8235.19096760274,66.0085071457129,326.36349939051
49577222.7037326,11581.2607988118,0.0116870399546884,24.022537813693,7547.01672161449,73.6518784790763,318.528053196056
33010329.5727802,11500.3884231658,0.0110700314061283,29.347022083481,4239.01642436776,57.5368862639686,395.271104432338
52425505.7779923,7642.28710870697,0.010974682381398,28.1670290164899,8457.11355636762,50.4536523017772,386.560585253862
40124500.2475344,8741.98182647489,0.00921914205398485,25.7528614267498,6814.38006369389,53.8228376679616,421.11679442346
42967034.1853452,9601.03822981122,0.0100913452608366,29.855772476067,8211.17205077135,51.2450613072171,339.505886134348
32498212.8218803,15454.0980548977,0.0101065189967574,23.4255410103188,5569.85663354809,26.2669781427797,360.966539415555
56700573.187558,7078.17146902515,0.00985710859302412,27.9070930738604,4067.67397471687,72.7730182983538,418.548359808662
37569744.1914634,6111.24312917496,0.0096618870945469,23.0156309636864,7110.29265737629,25.005385836988,476.798995537451
48017815.4979633,6195.94641759453,0.0084330717465249,20.2391746164968,6387.91220827494,22.99893429662,463.037930995156
35006446.2646948,11086.4441484624,0.00972635765935023,29.8171871854298,6474.18348769897,37.9079567810673,270.751839432008
53540749.7321951,15199.1898571389,0.00993392269601523,20.9902160576659,6121.60552395678,31.5874655624163,420.624000840925
42229577.3937916,5322.7786227804,0.0106717381776555,20.3018680489684,4352.69686817541,39.2891976296162,237.612843147989
44689693.2466974,16459.4324969427,0.0112641346677171,22.2609750524015,8883.29383566135,47.0805936440209,229.937477276806
30160749.5533816,10485.9107483298,0.00876865624427591,20.5247019144411,7872.11605833108,64.8838349819891,439.854696729904
59486855.0919887,7987.176363369,0.0106581662389286,25.3423059713925,8745.31344104457,69.2728657851691,203.491181806101
36300142.8359934,19518.8267188272,0.00811506709479173,23.7029137637898,7773.29900079007,24.3484652989972,395.121705761493
49108627.9625626,15627.8804109478,0.00838064411461017,21.3514867524868,4571.67423230725,24.5250431169094,271.226439038681
34044570.8335495,18705.3989321592,0.00982753126702687,23.3284312352997,5889.38546378075,68.8409602396443,344.283364697953
50698351.0956313,5613.55798215048,0.0114845613360267,27.2162852659079,6123.75374660875,37.3486611787532,285.534028421958
39098200.1426499,11728.0780273652,0.0095799893569392,27.4280122986064,6298.64706616739,64.7841098810514,249.013041379008
44078273.4082073,10121.051890881,0.0107304987909592,28.1694037168253,4980.59513562044,59.8623395507725,465.389526589796
31883627.7367045,7390.85875204476,0.00875828932794426,20.3810612930378,4705.55741726916,71.1098658118564,448.167969641406
56040695.138633,10562.7141265682,0.0114596848078893,28.5494038809266,6885.22381988642,44.6045518116744,274.894288759282
38587262.2849334,9894.11271603467,0.00817568303168289,21.4301922175715,4463.1835484145,72.1941296288286,270.295624882087
46495199.0523805,11937.6772160835,0.0102510167870297,26.2965498942984,4683.77222702079,61.9640479494527,487.896578048509
34500408.1316505,12801.0007232456,0.00816904798504222,27.4206085686116,7292.09142013417,22.3402541949986,351.043228184729
54751381.0211547,11013.7505682303,0.0100335972232915,21.753250836955,4846.26792235957,56.3463393250048,442.697703224538
41209503.8509176,13901.0100444249,0.0105304775305004,26.1449141595906,5213.99642055743,37.585042942097,243.561237815131
45481624.2360347,17055.6132734175,0.0108170546015536,24.9719042131045,4862.25776481955,32.6849459344233,393.615387052913
31136552.0384493,15029.274342388,0.0118302990077309,27.5603251912896,7370.04910837192,44.9742201895209,482.073307971696
58037159.3873271,7904.47032717382,0.0107564926184956,27.8572135372051,8017.90038241786,46.0560334146056,337.529325593224
36793997.0148655,16321.282404786,0.00946883603183957,28.79694257096,5136.31533632375,29.4822418533595,300.177713356605
50064709.1271234,12020.8691617325,0.00945160263214567,28.2677589645032,4056.78000953548,42.6850591369376,218.986781697522
33072714.8529951,5275.54562059261,0.00949894010911859,24.7010801530077,6599.25671384367,79.817710140946,479.362046914055
52022218.3614324,7684.33566280011,0.0117367813957452,22.4649510526131,6292.05483994158,56.7433069891572,356.634321659634
40465654.3194179,7062.12751948231,0.00956781232559737,23.3211166139119,7569.0359806189,78.9678222804711,207.447180273739
42791231.0788096,5096.65620526705,0.0116973161308023,27.6588324438839,5042.95602760529,44.7186577011428,286.293713837421
32114706.2762973,17802.1687542309,0.0087782168036329,28.8641640422294,8513.17906306336,57.1752050687924,495.664078649244
56884707.3464501,15430.0100932764,0.0117079528561959,23.6516903173006,6702.57246618099,64.5849061529601,484.456983999678
37894055.1427786,8434.48910743244,0.0103309180358514,29.6192192672894,6112.43490657063,51.9620807544865,283.524689022469
47662903.5530256,6771.16619843832,0.00952542834875647,26.8649663561424,7175.66103006096,63.4125128537911,256.951425290543
35539448.8606265,8813.19623433015,0.0116019756824452,29.9119361800016,8016.5676801989,37.506631143843,381.466336259811
52882025.899393,9575.37882030954,0.00870850769940971,25.7308798000125,6697.90540564948,42.4282111627651,295.49795842751
41634549.1353316,5815.69125695783,0.0112642933341929,26.8010096033434,7961.49149593807,74.3139822137668,482.367504870656
45064369.2816949,8288.21614147747,0.00950219006807095,29.1152445189842,5144.60889711115,50.9967927350211,381.928002226913
30551946.6424046,11428.0617877082,0.00917421084955138,26.437972488531,4597.70837676527,22.4469374502908,233.113320475847
58774894.5382896,18024.8196821052,0.0119454475264165,20.1244783837247,4399.51063152596,64.2914660173775,480.973008397013
35865377.8093345,5003.48039052402,0.0102445763847686,23.4430491664722,6230.91390475945,24.7644203645294,200.031616018801
48482578.7019333,14303.3573456626,0.00953586330212774,25.4382805365657,7859.85302637201,59.0812494724366,476.759891547374
33787939.3451182,13407.0787426265,0.0101801673950013,29.3076385518011,6884.19144702403,38.1415767897071,444.238527858312
51360410.0814293,8485.53769777486,0.0117752408725818,28.1294811405673,6414.7980694193,45.459645303599,474.190993833349
39486110.0217339,7198.26538873586,0.00961002789311801,29.5611710469866,5815.56523883141,35.58725985446,412.121908253664
43542688.4938241,5852.02908916249,0.0097922031988691,20.8905834321696,5542.44749366471,34.9063026541646,262.22512454184
31633986.4494307,18744.5270827377,0.0107479198050898,21.8823652958314,7057.57127539985,66.9810053145075,351.129010766615
55567179.3781082,9162.95802049874,0.00889296908920839,27.9452146258989,7064.00260027925,22.9050249896239,439.894377949792
38448219.3176157,5306.39338889916,0.00858794459954938,22.9780696763552,4012.83668664238,78.1433605760043,381.606544487891
46956589.8265083,9922.81075856788,0.0102815288215717,29.2134465303473,4200.69107023576,38.4265299749477,323.606572424622
34542808.436623,6579.20429089423,0.0113536771911204,24.7693189128162,8145.80597463766,56.6666727773243,302.601265759645
54406300.6689125,6413.39797293185,0.00846071243887044,20.8232193579882,6886.34318169278,52.2134820013445,383.003103510061
40922032.1371778,10484.9675334884,0.0101471984065629,21.8716809832085,7963.61370371789,36.0939820287639,291.220911866379
45939678.5849869,11382.4842174251,0.00904231439875632,22.5343359346424,6762.13893091071,39.1405482873966,357.560947812427
30744269.4740262,14827.4862362174,0.0110871039120437,20.7375938263841,8420.63176510223,57.9993898034092,251.797698711659
58106214.8078081,5632.73048886386,0.00948033546402142,25.9100513050793,8197.02709089287,68.657938377223,465.305064270244
37112374.0884018,13838.6631558067,0.0118124980596865,22.549458006335,8475.69900872312,23.5575297711173,282.171211311968
49762592.131777,7763.5929490067,0.00893420645248156,20.4213664369623,7860.18351043084,21.3262159770071,294.960832580895
32794953.8434413,13563.3611286675,0.0116037959607993,21.726944724416,4465.17693485412,76.7800535107448,468.246818278619
52124857.9139851,17378.0816703359,0.0117986642619181,28.0562045216366,4114.51548514093,53.5981803663983,318.343864621267
39874440.5737185,9856.78453006724,0.0101641067149421,20.4462155396388,7396.62403348064,41.3718576145443,370.387207462745
43222727.7069547,8500.762728058,0.00902138063061458,23.9220290176875,8578.56771692959,38.3249457945558,306.354857819249
32605623.1202887,16720.5509360123,0.00839591383986043,23.1361960266575,4387.33342875691,54.0286392621798,374.276752814329
56302614.6499927,12245.0697381231,0.00843266330521001,23.8619128149152,4841.14338317104,70.9906158317314,446.060712538441
37363417.2414402,7446.00808540656,0.00963414491385636,22.2593661640404,5510.96076589146,46.5148536037661,272.937165605879
48287205.6145818,6990.21069268384,0.0114874056807208,26.1802428816692,5400.32075167324,66.7980122738557,441.111410996176
35239322.4130435,10524.739283611,0.0106715359107277,23.8855412144986,5315.68949523254,51.6479841388489,220.608189995335
53632059.5006754,5195.2240880494,0.0106869573604934,24.5865010454367,4559.00855613566,68.7959139680426,359.85264574322
42196969.1545196,6279.75216507237,0.010127086864455,27.6866544148831,4193.11027551615,20.0350654738772,315.275484158377
44433181.1050182,9386.9139103674,0.0104626444771263,21.5160858738796,4545.57396483244,49.3541690948074,465.162567773603
30288965.3022497,11067.0595157104,0.0118393242083749,25.8311540962073,8915.77328319085,47.3938067616772,464.143853983546
59872995.6709605,14592.3325509182,0.00801917268018006,27.9970839811768,5035.16442223043,36.2929550237699,376.624095632005
36186687.2727355,9440.47800324424,0.00989605609036741,24.0433530511042,8130.18475654102,47.1598294312283,241.320967297639
49045448.4548155,13499.3693630753,0.010323504812016,27.0554408752786,5969.1458812415,65.2443587344464,443.087477426742
33857467.4159634,5928.41981102911,0.0103709643500013,21.2258744029948,8437.04529086358,42.25842194281,257.712246860849
50961377.4729062,17935.6262999672,0.0107274536007637,28.7165307404348,8052.39552060949,78.3157604967226,365.170114384017
39142903.6416275,17764.9808323415,0.00992483901627947,20.2300255917637,4868.10467763633,39.0119576490672,298.837656060463
43999424.5286586,12734.0198510542,0.0111870881665176,22.6028137271923,8301.5272911343,31.9272395750974,274.550004886874
31698030.0154722,5129.78605992746,0.0111397047955839,29.1160051262309,5792.00951542617,60.5628956042544,427.113039449524
55752257.4404659,14652.6509904336,0.00857985550167351,22.2757983055962,8617.22831187758,27.4948455697065,253.761755830377
38748914.8720391,10038.7562164198,0.00991723252275319,22.6179374377309,7524.2426319614,45.4048884954018,499.929468969913
46548328.7231757,16085.3741551643,0.0102225754009295,21.0538241489881,6397.53204828346,41.7987000557092,359.592763813711
34244413.3929081,7376.83436075054,0.00850570624490773,22.7244451262423,6286.20790906231,79.0076043526054,336.861275876557
54456319.3722293,5742.95882035613,0.00884208556712283,26.5512825919375,6011.72596381588,51.608422441571,486.899814946409
41433632.2501525,6646.81326720506,0.00834677652659312,20.8635197312075,6236.03838861443,40.3400170616443,236.201081978744
45635975.4092152,5246.15520336457,0.0104808531926946,25.2756501711695,8719.70378496487,65.973618263731,295.058166822346
31187976.6538642,13862.0724328312,0.0116727052044463,24.7754089035335,8790.74957825781,51.0588719458753,365.489561618252
57591416.8834288,9682.40420564713,0.0113332134793419,23.5412246018066,4698.18906026873,78.0918869004168,397.686192758932
36585958.0345711,11320.2955961133,0.0106009700930757,20.0653558391468,5366.13440165473,42.3734538237007,283.737004653804
50323787.9617655,18086.2897077531,0.0105712998340821,22.000790676035,6445.66974561427,25.5762755532616,202.614951845755
33378955.9222386,6192.35285880662,0.00891940995656933,29.2129817138197,6092.04539162631,44.3302103138873,260.393234793757
51647247.6004106,6777.25648181868,0.0117661994602368,25.1881479226517,4871.03473782232,46.9086552293096,490.831843115194
40393857.8439324,13046.1324172625,0.008411296910562,24.230449022316,7222.22579430955,56.3180525452,354.214069352397
42563308.3582197,18277.7226891074,0.00824874666698849,25.5572864868483,7573.57363885516,74.3568257282,204.117120510627
32292135.1398791,5174.68555450431,0.0112894232719532,26.5907242672295,5963.08704916927,23.7557486961893,413.778171994318
57314566.0399433,8353.39530745472,0.0103014299233937,23.9139325155925,6970.68663533761,72.3452289442803,340.033856516258
37828482.8869846,18662.9651941137,0.00896927060384539,26.9620355402728,7356.76358536453,27.4709542509249,447.286393702126
47347909.6671042,6397.71271538015,0.0105804622604019,22.1715717125314,7113.44899586409,46.8013765469216,234.365153397286
35359390.0711239,14218.9237392441,0.0106871737242743,28.850179779055,4865.27164892623,35.9414145943833,313.780479273366
53187032.2364407,16786.8819859444,0.00950221685892633,25.5315688112696,6105.19826459873,38.9882379000129,400.040658050811
41790234.2419992,15565.385204782,0.00801320294001991,27.5842986804687,7650.76305679528,21.64053375637,430.677501637468
44986152.70201,15329.2343651215,0.0111722804408961,26.7631983968444,8949.89424903734,24.6871307521248,218.147774588352
30391111.5095022,10156.1504091045,0.0102441750364083,22.3788875790807,4691.74526763122,65.2499359511925,258.061085210212
59098150.1809457,10015.5863722254,0.0119733718445676,24.6792687762249,7868.95966336357,70.7425691008996,272.425253145663
35911615.2617937,17318.0334140403,0.0115437767169954,29.3974111578974,5765.0616378406,30.5335161119095,325.979965619618
48585256.5161014,15141.3470189484,0.0119655779843468,25.4981513618775,6620.4997335204,30.5929171306771,483.336934211848
33436617.6367284,6128.25613507573,0.00850992431317721,26.649845040383,5647.83068962362,71.2916584873108,279.870858370876
51124693.5165227,9777.1423258846,0.00882979558709765,22.8205850940026,5373.56838749347,59.3172740876444,429.925463576004
39686966.4656743,17861.766110038,0.00866350196113999,29.2154333134646,7693.5637559986,37.8609068063619,292.344244155763
43605876.0515926,6941.62163199764,0.00925662418663841,28.3474109333569,5661.74596809918,45.7694331247073,339.891431020634
31410314.984388,7008.25589781869,0.00999899785769621,23.5942327498174,8623.06652198354,29.6546559377353,411.939883616693
55059526.9029917,19616.7043816525,0.010281441353177,25.5906895704537,5778.99373323671,56.528011929641,304.255956587265
38259624.4375737,5467.50823306906,0.011517957558009,28.2844074090351,5198.18678551603,32.0595822124313,414.684764210901
47200102.6451853,11040.2694410026,0.00977045953622349,26.3101061005546,6692.24631240925,65.0053377518759,241.42769920236
34875500.5227334,8039.55218752131,0.00941080118649868,29.2235793612995,7395.31696078376,38.3303548352126,392.358956378288
53916182.5733556,12096.6302889446,0.00955431598674162,21.7326177712611,6529.42404762724,74.4023507673187,230.376840007969
40719518.0351461,15355.2712375043,0.0104811992584014,20.6622494179144,7778.40796851992,38.7656337900585,416.074386814812
46155400.4001846,15455.4047415874,0.00932940729644417,24.9998710157067,6635.5224083909,36.1878296031945,335.672541516299
30917837.1204006,6961.71442419342,0.0094342000423587,26.6784969584555,5051.44534693793,47.0258367520046,218.175672981399
58652691.7121943,8897.80659472286,0.010738567851067,29.493188401839,8910.0960063079,35.5076466894132,341.053240120857
37053885.3269195,6356.79501750998,0.0117643490708862,25.4005139569118,7192.40597950879,31.6498969245399,399.573306665681
49452540.0245428,5657.13463342481,0.00869398807794882,22.1031702511704,8028.28558309128,24.0021591753852,393.05342447226
32946163.7119575,19975.041146448,0.0117659194363691,20.7488380683768,4552.56463241162,74.1342653931989,220.300709426133
52587779.9848649,13357.6397725959,0.0109958692894103,24.33385404415,6187.76081034653,71.339974914653,389.183911908514
40029075.6423457,14602.3296782165,0.00882496408993907,20.192461017191,7513.5702634706,64.136750772907,240.559247472897
43074856.0079731,6536.47923913267,0.00821870777318539,27.6818967283231,7119.17394348681,26.2048985684502,386.707300541856
32427798.0893911,11473.2674859438,0.00823381856497102,24.3492879971518,4474.80661972819,51.2997095693181,313.685585602014
56682059.7306188,17085.6769786729,0.00818850810302873,23.6626143521574,4635.58136700293,68.0950602849779,242.541708232367
37507886.2117589,16648.4199456376,0.00967976261435787,29.4851811304644,4215.46070154352,38.684326277052,446.600633489817
47851546.203828,7130.85313893822,0.00873100411372935,29.7845873203391,6074.32359009449,37.3683738350113,302.570481531072
34922875.2592498,5909.25020262411,0.0106551890976113,26.5815200028398,4098.37165116183,63.4921547270609,497.39093586881
53397203.5212248,7094.86544793466,0.0109428313129071,22.9083576178023,4449.57652711982,66.0637228072562,347.500597569314
42369172.7280127,9051.53585427284,0.0104923376639069,29.8378584505731,4048.26411021573,24.8318852357515,378.033321618588
44580446.8313712,13833.5041665206,0.0102988452945797,23.8467304359009,6703.80395147504,20.6946972105555,486.106533274584
30002380.2684263,13451.6946692191,0.00815437652798271,24.9510647202103,4036.85103632302,63.1259572831529,351.670821701831
59543024.5088179,8804.6877599399,0.0102939154306557,29.8075423253474,5041.74592504085,70.0931272585223,292.849793416458
36389537.5665017,6424.03767562215,0.0112089941209255,25.0910879964103,6133.80930154937,58.9407919304873,384.184076504114
49370459.8840431,17989.7985206209,0.00850858277323386,23.1751972467496,8275.40499038726,24.8766548518694,332.450894956488
34145756.5843361,11162.2414386076,0.00886240211154057,20.5733280842433,4328.79295541729,57.7624556077386,376.587817137889
50457506.1965327,10619.7742641314,0.0119521134034535,23.814452494672,5705.43878734736,62.2157287481971,309.076061445315
38916765.0553565,5086.50513113681,0.00910857657782118,24.031214908632,5530.54304532228,35.248768293059,270.579024113088
44186207.6954747,19123.1523451289,0.00999619004253094,26.5417076719262,5914.94518626121,74.1770379033532,352.291707847943
31987907.0185394,15968.6660053486,0.00830344759361771,28.1585039131404,4623.93672376106,28.4467209020099,432.233384513551
56173946.5974857,10521.594634403,0.0111585574434212,22.510608477715,4861.02844004835,52.5369540504666,391.81935274605
38603030.0298953,6096.33763166121,0.00961571722418598,25.8712353808515,4621.4176966073,37.4368588155913,209.181703461027
46291992.0883274,19373.7590732971,0.0119419645178042,20.7764075922171,4847.49907281417,29.3454354973754,436.143715768691
34413054.6123625,5843.30744960774,0.0103187062718633,26.2659626528624,7969.31751907449,30.7816726751695,437.45515370547
54995937.79157,15030.5231686994,0.0117265610195993,26.1797003594339,4687.4234004134,23.6984960750456,485.001535906993
41085709.7768339,14117.2272350135,0.0108553428180906,20.3063337031257,6529.64039735075,59.6516715300278,417.288460826006
45373286.2997745,16992.7443759409,0.0105471288345092,28.9793435017653,6881.56996443068,69.7377803116592,267.312265871596
31028792.1649511,7943.05302199409,0.0113564450607705,20.9597159139546,6957.00839652616,54.8239495140651,468.775588143041
57875075.108102,5980.77586804581,0.00952218959240417,27.4782881460885,7076.79356781731,27.9977349596343,226.770713231354
36721767.2413494,7233.78229913103,0.00996759231880566,22.1938159655177,4034.18698362022,70.2575692405774,275.682374345102
49956764.2843235,6037.39742779305,0.0106589094949172,24.6701604191199,8623.2888251832,44.377375828052,223.851600053923
33200616.228313,10601.7461422974,0.0106427150944295,28.6110254972825,6095.53698998183,78.1106879979534,474.266206054037
51940037.1233726,11241.7090749791,0.00954667945573173,27.0108120308147,4875.13677150197,73.1885934384837,239.470244989812
40589276.71978,5416.64689580614,0.00842780353666391,24.6160101212799,6597.22427702242,32.7787306074391,448.690768302118
42757543.9476755,16219.755244594,0.00952316025085866,22.8296946165955,6127.8976985975,25.4510508431517,478.485187625422
32045252.0373892,8861.3444885756,0.0111095471020443,22.7645729205565,4181.67701928366,55.2345521235553,490.794414579794
57028273.5583038,7846.25144590338,0.00842990243064145,29.7391506798413,5953.22437608589,62.8779265900098,489.25793888907
38024023.4585995,19869.3478342571,0.0108555684889262,21.8497103793857,5714.31861537118,47.7190409100248,296.895010953718
47779219.8416418,7167.36689197362,0.0107598542803667,28.5123461647259,8739.32646136723,77.196203341873,297.387524002374
35614031.7897638,19041.7646626815,0.0110846341866642,21.4312920426609,8810.18226545522,62.3434857818343,367.801785071142
52723167.3680435,9396.92288618883,0.00890762505674457,20.3194029985132,5045.94379116762,64.4361887234903,440.502800413976
41563499.8742341,5712.2233980481,0.0111194213295189,22.0513541484445,6294.35654369991,21.308197862951,327.383700939605
45229765.9833106,5214.40147500592,0.00819497226370875,23.5755876184395,4995.8362548591,23.8860420612916,395.809860727221
30619123.6929301,6275.80157299409,0.0113370526109272,27.2388900210657,6444.98796354564,30.6758999495146,300.792912843995
58958020.3235943,13421.8280081574,0.0102634113824377,26.9529116720866,4548.28372545128,29.4173892494657,448.341009009931
35684184.9138263,8171.19416636406,0.0115624195418866,29.178018565789,6390.06317520908,50.1175275180423,270.529907297595
48333357.3370534,14250.330941527,0.00982843836945693,20.688558308221,6386.7241160221,36.0753796838211,331.746198262286
33626517.5660952,6222.15622354977,0.0106315756606859,22.1625201414309,7286.61843930342,62.0675395074434,431.461595622199
51494326.6264247,5577.21529407324,0.00850954580863662,26.4956493932554,4851.78115498416,27.8691399915147,362.279302537777
39404869.7403971,16552.4250171015,0.00907658837371176,21.7918156505025,6013.6296408798,64.2043847016526,388.578212432071
43395930.0345172,10180.0942886647,0.00927142847425746,28.1186341906316,6286.74743104316,65.3535089719875,238.600917545636
31577691.8689359,11139.7931198122,0.0116890998072277,24.2053490715737,8626.86097709043,63.3723944474862,328.145196541424
55371679.021741,7788.70878681117,0.0080306702124785,27.2149859108415,5782.52346919507,22.7878722972331,351.704172349668
38334198.7635275,16748.5127370168,0.0117439901550488,25.6498038619821,7375.95979408337,37.9847063719701,389.055585642623
46836920.149074,7093.14978814112,0.0106692177253967,25.939463237835,8021.44597473664,37.1375041822712,243.046759724825
34716318.8160055,5355.30986738653,0.0117257238134692,20.3823607377443,4388.21772573714,56.5495631086599,230.818499830414
54225677.9117973,7467.30072112375,0.00948019720813521,23.0681448955711,8446.9365751018,78.1362432447346,333.038698684465
41001088.6720085,12953.5558459016,0.0111978768065972,26.8150118528218,5745.47712091192,26.7672145035722,323.668767186153
45829797.4946976,8200.22162965914,0.0118374928746845,24.3047478946204,6285.83421008259,63.8207120987943,448.77285149563
30721379.2176707,18319.1954966813,0.0100050463525931,25.7612646089557,6224.70618260906,78.6706770340554,209.829202712192
58385016.4016237,6535.70861391785,0.00842946656417327,20.8912656841869,5353.98624861601,55.6085220340752,432.272130871463
37251255.8523447,5046.25658970267,0.0100408061016895,25.1310507453207,8742.98282065032,37.6756293329276,476.418443270223
49778205.675828,13173.9957148341,0.00877724212964098,28.7741127183782,5984.74504754949,32.9072993770779,308.510510051533
32877088.8645745,12980.2359303286,0.00847248999228447,24.1083861290248,8301.28587017013,47.1438579271898,386.46196824973
52294659.1268322,18185.2926347779,0.00817996258963061,25.4352045199592,8027.40495337524,23.4648609789814,236.359181167247
39859862.1352372,11823.9777187123,0.0100149472754616,28.7980845895495,4269.96456187043,44.7461538768502,383.935708574738
43323321.9240393,16131.0247646195,0.00875373320632288,26.502925541735,8953.37823467154,22.4398782276088,489.743917396091
32629937.5300447,19319.0643557645,0.00944672170862647,28.1966762874245,6507.73746704458,67.1726928791855,407.307719343875
56472834.1558709,8868.79989887534,0.0106970819643827,22.9711819669925,8129.79193984803,31.9111667038094,354.404768838502
37260970.554103,10286.6980105542,0.0114957218850848,20.8991085358463,7540.0001975775,56.2074771701624,326.597567523253
48054650.1074845,5774.40308233478,0.0104209037405323,21.2369095954919,8140.9281806855,57.4694208473803,474.144630567168
35103040.0094047,13211.5432077511,0.0089079124691806,26.2438412555159,4104.91499770709,29.7689416335694,242.504735647366
53766826.6501094,8635.02769512675,0.00900008674101811,26.310495999873,8635.59777267581,21.9715964851288,234.964466218034
42067025.0168125,12030.9665060317,0.0102691522262102,27.4779314723263,6890.10215197321,45.156785104441,351.806743448062
44329810.5378987,19611.4454090086,0.0100703156360659,23.6486524526054,6538.220100293,25.2269294338681,201.836878245128
30201383.7540503,18469.9755163042,0.00847271995466224,22.5636944252461,4204.52334809926,60.483659375681,336.932415486337
59716382.2332362,19982.487215101,0.0102790177274012,21.8784115916817,6246.26493359773,75.1092663207855,391.495128414887
36158227.0859177,7801.79815921281,0.00894685602404869,28.9890145040215,5265.15199827696,30.2142789386921,208.289713561305
48918836.9618619,9778.11093225027,0.00855617934793987,26.0272354820194,7060.52914875823,29.9239360222266,384.376654992887
33950912.8443778,15738.9925546342,0.00850890291169809,21.9414504318013,4533.31133362796,62.5732370500513,316.041269938296
50793194.7927709,15139.8821999395,0.0116767063537682,23.6999922563438,5812.3051687617,57.6512241897295,397.615143394807
39259083.2809852,7724.12363016552,0.00816137148688472,27.812121245341,5162.31540932682,25.0037215840885,492.572760883461
43894628.0482091,7670.60074066709,0.0110242378083841,26.6001493870347,6422.38871216743,20.0815795269459,258.654606271607
31816793.5475297,17478.7319765894,0.011039348717517,20.1186891172959,8921.45415432158,57.4229707093335,439.489947745981
55896026.3027725,15333.5502804203,0.0114612758703411,24.9749229300149,4772.55903190288,57.1273796030343,300.90132560427
38840129.2053615,8549.63029251973,0.00976218702247025,26.6143201681698,4396.3238719679,42.2347655291358,484.035183010809
46687750.0402243,9048.92632788669,0.0119900994397939,28.4723936788172,6132.58449270442,25.9241308849361,244.318511396716
34263765.7920534,8438.60347620927,0.00958769515099972,27.6614471628139,8506.56688772409,58.3656160356554,294.453039541965
54719887.0447508,7028.43739450669,0.00975226103746249,21.4908786215591,8779.17962343347,72.1865547362042,444.346828793234
41333684.7241317,19165.357921447,0.01051743576794,22.2182792835579,6697.69470918672,64.4340144773485,290.082380013505
45662250.0831023,6472.26929591343,0.0114223627732152,20.2567119636974,5915.86733899663,56.6375830646251,337.464649579917
31258203.5988374,16426.9257180939,0.0106373460790338,21.3220922508835,6600.1225656842,77.6501979016095,313.198715735837
57631793.1222363,7227.27032001434,0.0117111647747656,21.6195908290267,8455.32539449411,76.3340092015529,468.875591477914
36526130.5890998,12478.708110184,0.0104789229934841,24.4723054073104,6545.29254873419,40.8500529158271,212.548758725909
50200884.3627539,6795.79388552963,0.00972932617110241,29.361572006902,8087.42918941383,58.2935983864904,267.457807568254
33303223.1998867,5739.91678053098,0.00803170662440818,25.9393035967613,7373.96667770698,42.5723467977997,347.990055302239
51817637.5603672,8397.63161985298,0.0107938662484987,28.7221358858764,5815.32386217214,20.8666499301496,225.205390101868
40197473.5975386,6462.27533403228,0.00890227145352514,27.0834990170207,7107.27426235167,43.6567388304113,376.301477686045
42541133.3086485,9225.21254554246,0.00868793288000793,23.4129306247758,6755.92646512191,26.0861327173963,226.267927490445
32201918.7905008,9362.74981655762,0.00805493278663841,28.707926958519,5030.10940971673,41.8461301008966,450.703832080781
57277471.4724591,14181.64314091,0.0107601776658098,27.389007735602,7202.25348606105,27.8053103632668,315.539161251268
37738761.7270518,18367.5120992235,0.00864490898749427,21.5873318805176,4399.27397896066,79.4817924451706,292.889171568665
47525761.0703884,6448.440471475,0.0107876579506986,26.7601426504632,4639.95417289135,53.8561890533257,351.264950975274
35418483.510744,11538.0067885606,0.011119333920667,23.1350492257211,4706.42709785502,68.9405368195083,309.269042576436
53016680.2752538,9119.24529908934,0.0119775587173776,25.6257056376501,4165.86171139638,47.8836461979989,463.601910666514
41918556.6068551,10621.3613903867,0.009695426010851,24.4130180717803,7487.34193982666,54.2587938419817,491.731978051224
44878535.1595581,15224.3471375705,0.0114418991210859,22.1770605946541,5304.00429954571,76.6804277455816,372.535895092594
30463998.5865644,10089.200518717,0.0103895358130228,26.5036955844173,7062.00484730829,28.25555227281,403.672088517832
59298374.8073633,5883.57842267694,0.0114633698252852,26.8287364822999,8960.54040100954,29.0489672587847,247.043216085657
36011414.2355637,10958.9626482253,0.00880937605595028,25.2646464091411,4202.66014600545,42.9128004512336,209.389408871812
48807896.1019751,7831.71453289242,0.0114707277050035,23.3536432380221,7706.55891573518,69.4913564149633,467.401848351477
33566899.8540769,12334.6416904015,0.0113504651982547,20.5501773392536,7632.81946207147,69.2339175038101,275.301011546572
51221072.0631445,19254.0500187963,0.0110600440354547,29.2232062102166,7282.30131475795,61.0232092723351,425.412918174085
39615877.6187642,6549.31441464669,0.0106199622394416,24.0444951442006,8463.55671917183,31.7201318410309,475.151628028429
43709120.527146,5381.66225934286,0.00873990924454852,29.6337374070703,6018.01813729212,57.7181601055521,393.58912540511
31413790.7986331,17243.3271084174,0.0117844358103629,28.1401698008646,7538.17268139892,40.3944322544868,219.765580981907
55197743.2585236,9959.61307215522,0.00957517971559065,21.6880681562165,7540.93714711842,54.4704572479369,308.539204349227
38136832.6893216,11124.0905749174,0.00837369810608538,24.384380313594,8121.60714123612,34.0011508037541,410.183725054007
47111189.9625839,5336.05159904736,0.00929121899702919,24.7099552760702,7481.00617385329,34.5590470237238,264.101544913805
34771792.2812584,6017.45747476375,0.0101764824223955,26.0270851917233,8959.13140373777,20.7087665763143,433.967287787643
54031090.4123876,6971.73291164506,0.00900912696134306,29.5800988291296,7641.07946206826,25.1620570305748,214.075570055124
40749147.1162439,7772.58987532215,0.0109555414876667,27.8880112456688,8894.53575694697,60.7909616235521,403.371191996956
46078083.1631082,15683.4350767366,0.00903684749992029,28.9611804606635,5120.3602303501,59.1926443328313,480.670463403647
30888541.7880563,8759.70730341613,0.00886818784921166,20.9438136607077,5205.10130782129,74.2827060910703,260.548957066815
58503807.2467121,16390.3347626345,0.00878031594484991,29.3203166709145,6984.70705727029,43.8679301420059,258.73436578821
36864053.8554481,9511.6373414977,0.0104483998717797,22.2097187496179,7341.48442509141,58.7602811362119,376.243062297127
49572660.6620577,7560.12629466527,0.00900315899131835,25.2743554913432,7874.01898509825,51.3542642843504,378.805857887437
33069557.7400482,19649.1586657729,0.0115982907397567,25.3789212223006,7201.14482043816,21.1285632967791,365.333839174667
52475698.8180794,6317.85032440687,0.0104423947427039,27.183928761468,5483.04783774548,28.6933664049823,411.555155081509
40148133.8617727,12997.3921986897,0.0115906896141853,24.481495212044,8450.25323993987,76.574618140467,276.317610126365
42927396.1901525,12915.5055631801,0.00871992072648589,21.1601000647076,7210.32139197774,73.5280780193479,362.578843068123
32489863.0640941,5197.17481878003,0.00870474306387945,27.1212378630397,4695.99727004671,48.9601083153481,337.016823972637
56764496.0525526,10275.1561837303,0.00924751886558735,20.2482838308813,5579.87196043226,64.1296202504349,436.583653236988
37611674.1287107,16830.6756846471,0.00930187152146274,25.0396673524721,7997.46323602362,36.9265629978585,387.130556975966
47969388.7994926,11161.2957530829,0.0115774955700928,21.5191431845189,7872.50525451731,79.6950750203532,326.770812066309
35089768.5852935,5973.31876219344,0.010269438180866,28.5811267795944,7802.10714021414,64.5468770520505,406.286536986796
53413716.0463917,9925.0027548569,0.0100707852308187,22.2518669819726,8075.25373652113,65.7120806810965,256.378433951297
42309877.6730578,5290.80931328462,0.0114417516599174,26.2599250991487,6227.90508482243,43.8771988040359,343.284122798343
44727821.1152574,16634.1831293851,0.0105996093664657,26.1759755966683,7009.72271876259,35.9737097006868,279.503024010223
30089528.836951,6884.60320777508,0.0112257968187338,21.7800906355238,6388.3050249923,38.2742116236792,276.121739311396
59385780.5436342,17342.7110400498,0.00933384519454628,26.5722615298126,5541.94863965283,27.5606889422409,367.150900946477
36312633.139354,7397.11858554784,0.0118769300188858,24.9303849637083,6445.52816859368,72.7242935219521,250.212066040732
49188954.653623,5674.56412262716,0.00852062952502993,29.3227872042155,5539.43863650548,38.323280647581,292.995939031316
33996165.1699365,6717.65583309592,0.00921849129551608,25.9774774522482,4999.16311742561,53.047100504007,209.978325149074
50617306.2997738,14304.0961872395,0.00982475141416599,23.4864396426793,4615.12249962095,30.1149836804693,412.463371764062
39028499.9213722,7471.1824508941,0.0112317647980788,23.7433088484057,4125.89816043583,72.0836052052984,448.892591418441
44171780.6816935,7943.72468931053,0.00807884446832018,21.909045956012,5288.31052811225,67.6306003955358,237.240781554495
31913482.2327728,6388.47606235975,0.00829240793913734,24.3448986362696,6729.89161443198,49.7449156731459,491.143329986066
55979383.6681388,18287.3699147294,0.0119898972324089,27.3496574337387,5179.49759822881,67.8145611746153,223.862324667576
38486480.2912516,12506.4344868381,0.0105150040703615,27.7101080534205,5962.12458999722,64.9093319089009,432.380102036677
46412527.4308361,9573.08844105969,0.00893524911790346,22.5312897253636,5577.19890133082,69.2544034299477,209.501223357435
34480100.1843866,9725.53189943408,0.0105172178827326,23.5955321561024,8283.21072652579,44.5665228591944,346.866624595345
54816970.1114453,12985.0286589602,0.00822074574105434,21.2261115844756,8511.10002439156,64.9467130466379,299.903170955174
41273270.3788602,11715.1366231211,0.0087181163563021,26.8283296195629,8756.75824617703,46.2075446399214,424.369036213067
45426722.4282554,14412.4824794443,0.0088796599315113,22.9990698220137,8404.7620527711,24.4032039157309,274.331025037225
31102197.1800692,11647.9718766594,0.0109908452197373,21.2021392675877,6787.77431742732,72.795356702383,374.81557762778
57983389.5931036,5096.16397512218,0.0119084464074504,20.8752484580638,8678.30143063888,73.6427878020759,219.653730174412
36841613.1527606,7044.67807694491,0.0104640052630757,27.2450812426586,7828.56657878574,44.0059262446443,470.587369312243
50130361.884116,7256.01240916424,0.0104895108486829,25.4659152583611,8936.53125243161,30.9752265792244,391.789969456597
33136055.4107568,18031.6341418425,0.0104432090601556,21.2527504110886,6406.98647196707,61.5146788069778,310.124272694738
52070873.1064794,5703.14678720313,0.0105848963906094,28.7633147744451,5707.33747829362,25.3992257244146,462.754546054543
40455542.6545818,8820.63778314914,0.00872061678825895,25.4016560127586,6901.31203613389,46.3274177635783,316.913084765764
42857268.9600863,6023.18940077039,0.00951013699105316,29.6706436207747,8858.85013042334,38.1946873348856,448.405873365478
32164394.1872851,15043.4874810484,0.0109653653085736,28.180735310986,4833.81292865333,63.6624797385682,319.636477124226
56969720.9372218,18533.6784940876,0.0095201337844354,24.3351534562568,5406.01886873282,56.3104640286901,322.930762548183
37942451.0415965,13527.3124403542,0.00898281609678384,20.9272177550961,4623.38974001679,74.713754616085,419.096464100738
47537710.7939928,16884.4934630066,0.0111627906733818,23.0569654125159,8088.97213635672,70.6461332294053,440.423773999445
35507329.7390615,5386.56152908595,0.0110737164585921,26.0652481876164,5923.76408973632,75.8481543575476,407.924427722388
52969077.7939147,5529.56301468751,0.00824079527197992,29.5431592182799,4741.81610648931,78.8953498300289,343.893382583223
41700868.9531612,9919.89760717005,0.0117946278241383,27.8468228853907,5973.78699227051,35.766873042514,456.934644202582
45121773.0727136,10560.4109751163,0.0111860557540109,20.3377844009403,5432.52422274495,73.7724555965129,320.184174731083
30513099.9731615,7706.48395895433,0.0115145232457201,22.7032442041661,6135.67466551775,45.1638783745421,464.778847772028
58871816.5756928,8090.25783855127,0.0094585667517514,23.1870583463134,4531.17685182004,65.0293364685548,413.964552331573
35815259.2603352,13266.3271590624,0.00872633308036922,20.4146011328344,6451.11528552481,44.5050939254867,304.666815328007
48558451.6324353,9474.23457280379,0.0110556973484411,28.4962725904569,7961.91341464486,71.1864256566346,412.682266343102
33708600.5539474,9411.06161226866,0.0116886961342334,23.1328691555517,6255.72236783964,57.1844695302632,339.418236466803
51343995.4293395,12103.7984875102,0.0103443488521724,24.3127861011561,7036.39562948922,64.8540415058719,293.068921354818
39520758.8150894,6609.73026091645,0.0101467442161815,28.0357321572701,5879.3680592479,39.8236779878571,431.5375244991
43488872.0892626,9061.68189435857,0.0104510208957613,21.8649919543807,6230.5727686642,29.7379196920145,281.517716049581
31595514.7151304,10262.2119775298,0.00902655618197121,20.3617350310958,7129.99976814254,72.1246582952264,481.690506787513
55507391.5101621,12773.9244711216,0.00947962282836774,24.5728840285113,6425.98723991833,72.4168161998525,324.399019998276
38409926.4996997,14774.9242478922,0.00903446346773187,29.464118285952,8384.6011423046,30.2723535634061,270.799276586343
47010209.3498044,14969.7308155712,0.00881052005065157,27.2418611947699,4097.67220195396,31.781648282104,256.453633654418
34588219.415457,10371.9606615974,0.00986680499067083,21.5871107043435,8277.77366412418,72.6573143820703,217.41186604207
54321290.9932342,11506.498438753,0.0109477114803265,22.7994444023519,7056.76769485398,77.5790415889905,431.443521750749
40883132.4696771,11385.0756309985,0.0114430725642067,20.3164229400553,5516.39081690585,58.0424094809914,400.483667537269
45965932.7029892,10478.8173999059,0.00836753670265785,24.0262676203028,4198.3391261817,62.9639032259706,313.307499869777
30793531.2440163,8679.65083694706,0.00839607716291938,26.9564206259039,7613.47055271909,50.2472371519055,233.933763306902
58169626.8693766,13794.0818469904,0.0100385495978244,22.1765712088749,6767.87995493817,75.4773331767769,446.84144743674
37077308.8301733,5651.04521026652,0.00873765553779998,28.8159733993373,7719.74951570485,30.3150120340415,339.274666535947
49656500.2807036,7629.86632140075,0.00973406744612927,21.7668137476323,5306.79649053355,73.2782410683101,415.383866704573
32724972.5152961,12352.0493748542,0.0108059330084717,20.4599371264227,6824.50949709157,24.8563381404752,202.511856053138
52254113.5853807,19284.7893145161,0.0105965384092089,29.133099512555,6550.10420884307,44.7564995807553,352.633516579544
39921669.0064475,11185.7495951016,0.0118826425781696,29.9564641174908,6905.68098104556,78.1674949811871,219.098531002199
43156911.9122537,10665.5495776736,0.00880687019780515,25.6997056825008,8126.08133684776,75.5890635990974,457.703043417406
32552650.1658066,7146.52694094676,0.0107170684522011,22.8533581047174,7855.77351016542,56.8369311767397,474.631639307117
56286993.8522611,6863.35087333747,0.0107345021942237,24.8290955148542,8954.81208994433,70.0580604077217,405.177339045558
37455910.1534287,15980.9802382358,0.011439880519401,21.2726403700386,7044.64618641467,49.3507329318938,275.953184068343
48242820.7292553,5477.33781116317,0.0115386820128983,20.0176594201203,5505.49559370314,23.3742516110584,318.756267379779
35271801.9642057,12170.7527900025,0.0103702436146353,29.8921424212119,5444.97784217672,38.4629403089237,417.368100092136
53608089.1888236,11390.3209260134,0.00848863412628393,24.2249372831212,7947.88478259253,71.6007226277872,488.891004961243
42092545.5086171,13328.2292266871,0.00894634363325562,28.6532362976697,8362.61083831572,22.8691077975013,233.632831844261
44543411.4503991,17878.0055392012,0.00864313591269393,22.482496095037,8010.03245727422,46.5182968494699,383.585004124483
30253132.4472412,9752.30546260141,0.0101139495026503,23.7808148288097,7801.07237030512,70.5965953853639,312.859898350513
59943913.75308,6351.45892569226,0.00980906252950878,22.2350019645793,4237.84371415797,74.0288685116678,227.619660313232
36238090.772308,8880.75090978512,0.00869384872743317,22.5172512346186,5645.15845034716,54.9469146984352,431.451670011552
49032052.1616426,12427.9361492047,0.0110237241649349,25.7588216874282,8445.6287649897,29.3607825517843,248.836901668202
33826740.5281768,5006.046308925,0.0110398632539554,22.2098409808357,5960.56323604592,63.1275133129949,453.110099650471
50879851.6529608,7325.20021006711,0.00978545040086602,24.9928068247502,6894.28204795745,71.5617258195944,420.561527182168
39178782.8523691,7363.09669317581,0.0106246814001411,26.4488237254744,6327.12092569532,46.7639386953955,317.851159841521
44009701.739204,13246.5717624889,0.0104810637234709,23.9578669037895,5785.94398398544,69.7105269596729,454.728925241493
31728249.8336485,5816.89311564166,0.01046484845203,28.0732993419524,8307.59244078846,37.7940769594205,245.768531238643
55635637.6460684,16260.6271015303,0.0097527250300989,21.159840816867,6093.09956125737,78.3600672809915,438.054262090249
38706171.3268596,10763.3397347282,0.0109573514814937,22.8606733128567,4379.25514527315,62.8467258383457,377.098472034437
46599730.5025132,16359.6649320531,0.0091528558237819,20.6550650625894,8333.10642361859,51.8064321075399,463.382442816046
34185763.7366896,6921.5928166582,0.00852959650556814,26.3790654496934,5201.48182090438,53.3790687816133,467.052364175918
54549709.4597488,8513.75860925666,0.00881818767707471,22.5496338420091,4928.47853592826,77.0575006812819,317.158021396532
41476630.9272451,7682.11663094967,0.00836767653387836,29.4104112667402,5151.57456089636,28.2968912826484,361.496893313653
45566891.2483656,14232.5329612544,0.00835189411864232,29.0225681948651,5976.92012000523,47.2719763057919,218.979788833551
31235106.0177764,9459.41076150302,0.00955167977675581,21.0822791463257,5911.06164444157,32.4215464543461,439.173656696395
57492894.7665802,5050.01705798616,0.0113268307792927,27.3567191010755,6094.0081656505,50.5758913612174,274.535419976812
36623937.9974335,18066.749696115,0.0106220622732336,29.0379973782032,4263.36034138018,30.0443258488054,444.185292654262
50444209.5377974,11307.6019799939,0.0105806713494608,28.3513415995416,5049.66912779117,43.0603801465954,374.685072974573
33426852.2432533,6289.36091063736,0.0119551591763326,28.8240701994599,7984.8952316466,64.410367098757,307.108929790941
51590269.1044947,6663.69678251614,0.00885935362618469,25.5832413279431,6724.82677226091,59.488096409404,369.640215821114
40314533.2144085,12850.4505392332,0.00924037542589887,22.9588518829762,4697.48648265317,49.0756631293019,318.777149581914
42632709.1497759,18347.9877332333,0.00941964935616528,26.6295919364153,4971.35803970166,20.2551790804249,468.655605013763
32344851.5252974,5728.48772961725,0.0101204278367928,25.5974498081243,8449.37257100603,77.8877365868416,294.552759965636
57417179.9012973,18704.6236391052,0.00924224304220997,27.6864845396882,7814.46950033698,79.1737719782192,284.051347413708
37767966.9937646,8334.93136228633,0.0115431403779729,20.7345732193727,8698.00127891023,34.2522331857343,466.90872331362
47296294.6117215,10047.8732141079,0.00990503010154466,25.913677793355,7832.77676190584,39.0917028201567,253.415271556272
35321281.5033685,16791.4058692969,0.0119811001670001,27.7104209449413,7339.92309141644,58.202072644313,359.175477483213
53192719.0871331,14209.9751448428,0.00882938717763186,26.6565290028625,8619.52293818358,63.1237662084085,289.576842551606
41854019.6267202,6783.09408185871,0.00978356149453055,22.1738494507469,6573.71080545552,58.9046784459751,281.966034649629
44932990.1617551,6176.43541405112,0.010905955003941,23.4640047401952,7833.17367001786,61.4827377831539,366.799732159252
30355116.4262413,8936.27178598324,0.0119588085229469,27.8675416330422,4513.28526512217,42.9846067032152,406.992278642663
59114569.529522,5924.07106429165,0.00917147385382334,24.3177158263388,4325.43307641164,69.8302762150199,278.666358644958
35921390.6539507,9703.66714016194,0.00935155696488424,29.133341893411,6751.59664602149,27.7150961488825,225.112240726348
48671120.9840585,16971.4749860959,0.0110080805100177,20.7235349021548,6745.20585232326,73.6684126219391,304.510905025324
33496440.5118961,5239.53795951777,0.00846746684757373,22.04971419603,5854.92933480982,24.473576621292,477.446745553973
51051710.9914446,8003.58845484161,0.00813008057004484,28.3767043975374,5503.08578420038,45.7945792862389,327.564419027456
39724873.4728287,9372.05053307929,0.0104807140815284,29.4788890039964,6102.27763657299,35.0432807631519,256.403573628367
43684473.9110592,12123.2408740199,0.0115760697810774,28.005836582878,6571.59483359639,42.9472866352802,211.365624031495
31362445.9525255,16082.2520233803,0.0082042299633368,26.6232052104256,8172.21826380651,52.3884803688847,263.223982182965
55143346.479364,5618.61942980422,0.0115155441009724,24.7878809194007,5918.39578319838,33.3263967443486,455.315608021029
38201328.1688898,19297.9996236464,0.0103102858789899,21.3126080365868,4087.10497354514,53.8579514718339,263.405386489691
47228960.0245167,10732.281719281,0.00857029970869967,25.2530499020115,4285.30491974415,29.1399801495851,431.563556507551
34855645.0280281,7424.01532700092,0.00824184771396843,27.9657246688538,4832.16512824713,59.564734351182,278.399556467626
53865240.8218171,5401.42426429717,0.010995338809282,25.4953947637113,8274.1236864525,67.6244908115684,248.250522863693
40681367.2317693,8516.06804562419,0.00903135674383815,26.8750584767695,7010.27079247813,47.010261422848,360.133660380416
46229356.1369327,9839.07288686323,0.0101542535064947,28.7126705913607,8328.93284181322,43.9630922224625,278.522753510389
30978772.8823258,6021.68801823812,0.00823395184029695,25.509601008418,7488.29351905794,55.0884599761986,473.346017097461
58619098.8771548,9429.26014474197,0.0119133486275146,28.3186371458025,6425.06970467859,58.6287429781703,385.881172818933
36992809.3547098,11404.4650258408,0.00926855619855262,28.4756006878988,7363.47880508832,38.1483548574454,484.89059292165
49375242.0254713,12077.7107819053,0.0102139479996099,24.04024756242,7778.82050067695,45.7312975885083,497.560451074236
32894687.8968224,7539.0943385344,0.00926365971503372,22.5614795068411,4372.07418033224,56.1258547336694,284.397771701757
52639962.9038812,9555.14260021274,0.0113774468109838,28.1456380811181,6828.89960543078,22.0625498187034,209.361333907686
40014775.1032601,5193.95129602967,0.00930227328710831,27.2888615719728,5624.79687649056,46.1485544721987,354.754252752297
43026161.1958063,7137.64948610638,0.0115557702404337,29.9162258751864,7193.2139969518,22.9119796357004,480.976723128999
32365802.8535965,17718.3869536087,0.0115092815315085,23.365106686142,4713.10770931534,54.598174437455,220.601206456235
56573621.1946858,11033.6526037886,0.0115389690386332,23.933354282409,4552.29541344284,71.3587324247765,299.444454209549
37519702.9841633,5844.26073256375,0.00818881205970858,22.9942400705151,8606.74731873492,56.6727621596454,337.092824357772
47870890.0657813,10184.6154024437,0.00914627107454867,22.6576787240346,6712.4816732708,56.0596987120256,482.51352644344
34959821.0517764,12607.9681607977,0.00812826545098088,29.7958153287824,4201.35239561548,66.2406378539284,392.847574208837
53322621.5970748,18798.8372458251,0.00846168689274099,20.9688251259327,4473.86004827973,63.2016859165842,242.827363418689
42324396.2280581,16239.072093326,0.00897420784710762,26.6162295190584,4258.69891137315,44.4406088723643,442.274864507319
44630169.2789107,17351.7181413829,0.0108544124464147,22.2054616543729,6790.90753549095,78.7479092179615,351.484203804017
30080758.1660061,17648.9248522748,0.00869431868162916,21.4335752355576,4105.6446651444,35.087557318773,485.993158697514
59648550.473225,6710.27865982037,0.0108633716437264,26.293781698246,4973.9614705333,30.7571207894762,268.387880589944
36447106.2029356,14315.7984928448,0.00951687025786049,23.7254872520933,7551.31830008949,56.4883131801144,273.018867880519
49281466.4454382,5012.7076754404,0.0102026865179636,25.479025326649,4047.98997692931,29.6733144563151,446.545826843997
34091418.3970052,14960.7314174457,0.0082929308799763,23.3058196008951,4397.81368026127,40.9179778277344,466.971872128366
50590220.1440973,15862.6450403256,0.0113965808221906,22.3306639812463,5637.74068476847,37.8715379557698,247.409739546878
38999761.3863398,8274.00944428071,0.00955444780521017,22.3923684878037,5461.68392561763,63.4335963326796,285.963130098589
44252915.8351675,8374.26684572522,0.00996106613634942,21.8369399194516,8235.91895138321,41.213102929577,372.843020803945
31939096.4500265,9941.46560526545,0.00826807573415846,23.4635542191268,7224.52798705527,56.0200891605719,449.200461740229
56113262.7388579,8013.08561614353,0.00822125920475478,21.4442153884368,6371.5897125102,55.7244783568561,292.440517112546
38691396.0141062,19455.7987698415,0.0105534199399719,29.4898910136397,5458.14936148379,40.8246884794718,474.931248429338
46374907.465,6088.06005480444,0.00887927050507488,24.6626344367393,6463.15884042676,32.5098613595947,243.121375846454
34356879.4652468,9200.65094338586,0.0113996456058668,22.6492521611055,5296.06603130179,78.4566425733228,483.497580941281
54934585.7182105,12357.1819704866,0.0105552740376779,24.9038646892522,7326.67191213144,70.7842650057145,434.931940594788
41157991.4353766,8493.22990042752,0.00979206789768531,23.8834952656122,8159.98764299637,63.9614382903489,298.606884219623
45292641.6305176,7054.8078772835,0.00960992310213446,25.0540636564385,7885.50602299956,66.5319223663193,448.725701194245
31042520.0221037,10614.3626827251,0.0082931625108475,24.8505886416072,7791.45238980695,51.4452953938041,209.469119645996
57805712.9519113,10533.1401314186,0.00954931773061663,22.1485281205175,4769.25238984301,57.4360865127797,205.065817527814
36677374.7329856,18016.9257975498,0.00999502569263591,26.8884717917499,7655.58647329118,45.2641572043383,296.238283378006
50002401.3728471,9837.42110920457,0.0102444713599657,21.7776519634284,8535.97312750578,53.8344045020307,313.940266927643
33209523.8805454,15835.8840310743,0.0101980457201913,25.2535148791978,6182.70553810156,23.6758117052559,386.815828314804
51874391.5366823,15067.7199076067,0.00911634501341791,29.1196196456779,4786.5239980375,26.2535446094921,299.383919840593
40523129.5919045,17070.4032293739,0.010860682495101,26.6846977186221,5804.94418884237,22.5914190933871,339.836588962676
42709998.7089317,6672.3631925529,0.0112040546535628,25.8390819420363,7523.0502143863,30.0280465014066,292.287792493643
32069129.7677219,6753.67246172316,0.0115398045333087,21.124534416143,4269.08450782294,45.7914915354167,365.554057317417
57109954.445623,5367.90100328046,0.00896957324922417,26.3815542590073,5885.60316350577,38.4392076020688,354.346677358401
38013736.8776138,11949.5416665223,0.0103017186790248,24.5834512000851,5627.07257888536,53.3052718302881,246.654673671138
47726456.3713531,5401.05311792163,0.00812364069081035,26.8032922589913,8189.04859040535,31.2731839233658,397.272989082491
35652414.6933147,13740.7843454585,0.00978335118090298,23.257532590451,8113.00524565304,46.4209312806255,336.507626292822
52811610.4147118,7637.76145647578,0.00917291741093238,25.7473497714006,8975.83656443994,70.2906562831011,436.362039226146
41577335.9998504,6015.92574454546,0.0108537011257941,26.8577818569987,7715.11313798405,45.9259137543775,322.148885169285
45183164.0049164,6975.86743794422,0.00996081534566749,27.5201517375775,8876.91519891332,48.9732229849516,391.747496915342
30592684.9459844,11982.5280086979,0.0087099232357856,26.4593252735832,6079.54292679549,50.7799634602958,355.339754809599
58906716.9344897,7024.72418704752,0.00962735740197129,26.7952762306754,4220.06778664413,51.6271658736237,201.639282713988
35739585.9358815,15602.433641881,0.00842209107792652,29.6481420556714,6129.595030748,30.8685665475244,479.654958213376
48415972.6853833,19554.745265523,0.00806266427993546,25.4169277483303,7466.59935221752,31.1588969330464,336.985015308423
33682947.3153761,5537.8833776367,0.0113972280083644,26.7310543860953,5934.23791273894,70.7331353406805,426.223350504785
51428892.7616579,8071.00532713499,0.0103723562898688,28.1850326487522,4297.96881246144,73.7926104653521,332.669717889698
39347722.8227999,10982.8008325902,0.0118075016887768,23.5202565990879,5323.62061061238,48.251495744282,307.40899279315
43445255.2027601,15342.6441955628,0.0115952064890242,27.1909777283786,5597.37742756039,21.3064122222611,457.502078607833
31505106.0033632,15237.7465959715,0.0111497077000867,21.9391565839922,8539.68228832095,35.3081389002793,228.387811326734
55412880.0580391,5450.74530517145,0.00856985323966688,28.8562737003847,5870.75239094138,77.124961525745,486.031905828166
38291566.235988,6598.74759621156,0.0090611436366712,23.0336212273226,6271.34359508296,46.5350335379565,202.596766573256
46791960.1167898,12730.5091207368,0.00810352910399897,22.6964496969086,4419.19252219145,47.3247870581467,359.224552150823
34655590.2357203,16878.799345619,0.00903161915284022,28.3109241631234,7973.68661274058,59.0184730398217,416.984280685953
54184626.99937,5578.62548918713,0.00992513766442407,20.8018856787275,8514.56672051821,20.0759269557884,205.742232882117
41025198.3189538,18527.2933848666,0.0116428820957855,29.5499447288613,5832.72554245663,73.555786130638,233.870167421171
45882363.3788349,18728.8741926018,0.0118727388062504,28.9945536911075,8060.24765928966,21.7161542949275,432.927357090209
30684559.9925908,7356.41475330459,0.0100322965427671,21.0565445365432,7965.8509273878,36.8618354639274,231.538685168863
58317982.458511,11508.494444205,0.00839452581909883,26.1965669421535,8994.54000747159,29.9129612060115,449.307766128888
37166568.3183893,16798.2414097924,0.00910255514328275,29.0587734496614,7275.02843089566,41.0545535176176,207.831837817713
49900076.4953397,9003.28710721821,0.0118390215685849,25.1616377522495,4955.14113415577,28.8308104251817,408.40192421064
32840067.358911,16501.7195655606,0.00930927359896519,25.4135175572993,5666.92522053844,58.6078990466898,392.586299122936
52335866.0564432,10121.4670653625,0.00910076239272283,24.0866991647655,5393.23475969195,71.0084006219952,242.539614904299
39790166.3316746,18604.6581733645,0.011203277765507,20.0979042002566,6591.78706572091,64.7648736635999,396.579690492891
43274861.1899146,5171.18292762996,0.0118155499578613,27.6081633133261,7298.76952380254,25.8221263822353,230.990128141648
32704505.5358261,6205.29830968968,0.010384507394078,27.0863280151216,8162.30207924412,71.5574899803092,309.759929997146
56384872.6718634,14243.2961003119,0.0107323889141073,27.6756082036585,6062.4241109483,53.6252135006885,370.254884717495
37318407.590178,6405.17932822029,0.011468406709367,26.2288333737952,4309.28765656529,29.3398697348577,348.302463014417
48128089.4021466,13114.9551612606,0.0103859630427225,25.9318688299775,6166.24318091304,28.0813661866032,494.604347020493
35195382.630334,18072.0073298049,0.00849351631074304,27.7288790360242,4035.74951055337,69.2049149627971,295.094013422325
53770992.1321265,6875.17640954528,0.00958688791881645,29.824247006414,8567.56655740106,76.3005085140052,322.711797499992
42019699.0190611,7633.69166716057,0.00895785626735643,23.8435274500247,5472.98354954075,40.3600968618334,240.933933535167
44379622.8475037,5464.44790114587,0.00863990860686645,25.0165373965132,5746.16824638657,30.2598505536968,390.969039263565
30230093.9341829,5859.38722388286,0.0107845013585972,26.1198065458201,8119.50566356246,54.0299184969264,452.821743108224
59793275.6518569,12021.3991761077,0.0108177234256552,24.1445944677314,6334.71193222814,24.5672614793843,450.819738687215
36069831.6030339,5335.79514198154,0.00839207161523768,27.3465346215847,5334.01350129427,69.6381689155451,334.116706293178
48846210.8488931,6105.54636063001,0.0110841304422652,23.6528135336743,5645.32941091726,53.7257692691889,398.425717674921
33903735.4245462,10727.9316891485,0.0111003285363925,29.6283711903454,8135.84984024865,23.7713391818896,301.966458015207
50850959.2789041,11124.6959983591,0.00821418710013882,25.994763335096,6895.91843759843,21.1931051672111,383.576327768252
39301731.3453885,9658.96458961957,0.00867032786864149,29.2576427763494,4558.94841204893,27.4865517093218,259.083221770454
43882427.6076649,8722.20436528582,0.0115190628640291,25.1547020644082,5779.34386853462,22.5645679059916,492.743744269265
31782728.7812786,15326.5810106657,0.0115343016882211,21.5641310940933,8314.49624190441,54.9255064866907,208.930737646036
55827264.9118323,7923.70369372517,0.00982485660945757,28.2567157553408,8307.45932920363,39.0037782217834,288.906434236227
38887241.7821258,19253.4369500297,0.0113989458770921,20.2085936967554,8673.92826853264,54.1340827295974,480.845979910181
46738317.1975159,7237.66317616886,0.0114985670490345,29.5275558130752,5448.72511004804,24.6715405999408,478.989029373545
34344211.6646106,7439.63062966466,0.00908065886942073,29.3410352857343,7781.81153425416,59.6325552378803,382.052742087615
54591613.0324061,5667.69065172522,0.00925880544311101,20.514216744515,8134.30369345585,69.6889027030663,231.942508042142
41377190.8403853,12357.9232528728,0.00912351967048879,29.9619603602687,5300.07967855088,25.6614771710441,341.621643691393
45734041.2037758,9198.15005341129,0.00896862226311133,27.5533105208182,7331.98273864083,33.5645658428837,276.514910314863
31314614.1602397,6475.98438387708,0.0109196593774028,25.7564562880566,7860.2460389853,67.4426169155294,475.437410998976
57745002.914507,12997.7931788966,0.0119933046012664,26.0918922359886,7214.83628251818,68.6999755788641,329.942505289792
36485407.5394633,8252.42131887429,0.0101986905528699,27.5378840184198,7805.31291063746,44.2352099672977,351.354014989415
50256299.3565329,9940.7903149306,0.0118323984271868,28.5214210223502,5520.66875350989,40.8938524364413,317.218288634109
33272834.5297777,8372.34750038806,0.0104050427903171,26.7788424405165,4940.10958657338,56.1015285152036,242.032726109526
51717689.5220701,12665.7740775847,0.0105136261783732,24.2890301024635,4555.76558749236,34.0918054649501,385.232512396585
40290066.434863,16389.5023667168,0.00868256495934612,20.3057283019989,8366.68322902926,41.4433995585913,235.024612753886
42429030.7724885,10300.6619738283,0.00897014703361729,28.9787380991491,8016.05052988972,28.9988918401881,385.123268343772
32250824.2253497,9224.7204248653,0.008849151872825,27.4250442082659,7952.15087149956,29.2252108399707,267.491987039449
57190595.3983874,14319.6671677432,0.0100855879627095,28.6645661567709,5817.69727545915,41.361848024882,367.500970504208
37678557.4510825,10244.8173373409,0.011419307624192,26.4291907032973,4098.18772854924,29.5456408207275,308.983765331516
47408432.5838622,8175.22667268668,0.00903095319223783,21.2981615924424,4970.73899633119,36.1722347431706,371.864978137361
35456731.7822825,18177.4117043365,0.0088154881597444,28.6116404363535,5042.2427774316,21.321585166192,292.001357878987
53111337.0853982,12479.3488187097,0.010077711605516,26.0631638836904,7849.06407553142,43.9924123438518,243.692844130929
41879276.789157,7596.81507734657,0.0083579531759888,24.835542076,6497.76888825587,50.5985303723053,271.821923079026
44807355.1085382,13665.7417638827,0.00874779051350286,27.3265751916291,5634.86068700768,28.5892356060957,350.618651708903
30430080.3674943,18901.7714034491,0.00967956361535185,21.6519894675058,6767.47857120294,77.7247847107421,423.173373621644
59241534.6609304,8888.3469663733,0.00872192527807486,21.3629402685918,8620.16165061562,77.1659660071123,269.839005787411
36054295.4192935,11032.9578235939,0.00809474681025406,28.9939706537872,8775.71212052324,26.4849521473955,467.754748021891
48750362.0303257,7713.68592384007,0.0116873099345889,22.0756432976826,5311.25560215547,59.6683588503658,209.7691814171
33570263.6470626,7831.48519790617,0.0110703090737037,27.3657714292992,8892.97884888024,75.6659494428675,438.858128754239
51198572.6276703,5352.98894190719,0.011277723018153,23.6951839633116,8541.66901290006,53.8917572581352,288.809290298629
39577962.3483513,14588.0577054633,0.0108396306466026,28.3227475951259,7204.18739447611,23.1815607932917,314.080735330374
43787635.7382305,7539.58895694875,0.0108233604255021,27.6217143852822,8918.20481374193,41.248657781276,491.379939481633
31469097.3168094,12074.9585797723,0.00965426299076715,28.97970750835,4815.04722670724,60.608509308566,290.577710316772
55287419.518639,10621.7077500068,0.00985731759737286,26.0038911466335,8800.91653734571,60.4300914827053,452.009687398898
38107184.0924595,8772.3465798118,0.00809346753568208,27.6062847539222,6881.15900108156,20.9799683363904,266.54880055531
47066128.1619642,19191.3588063404,0.0090109026927952,27.894113081491,8741.16615212905,20.3632429737824,421.638463787679
34733819.8036485,14470.8608490543,0.00818144039733935,20.1956534146857,7070.93068869217,20.2003200286956,427.457975119687
54108653.7905279,16405.0938722066,0.0110040467987474,24.1419996582463,8272.40537767789,25.1221008762306,211.411012627848
40794125.380928,13505.3654869148,0.00896779340022567,23.3850086816861,7013.51263322557,60.743253448597,397.117643338865
46092527.0728879,7223.38822577208,0.0080744122184979,25.8939708745195,7556.82550509929,22.8106761789601,225.761099139363
30835445.7987025,19099.4752728367,0.00976617364419674,24.2059544739035,7495.12460250213,37.6640823882592,436.507677569018
58415498.0137866,19349.6406089817,0.0119776981397592,21.0197559634732,7975.35563847231,22.9929284327777,235.595909598169
36920467.7018751,7884.35765860301,0.00930961516333469,27.9716771188467,8849.6579443593,67.9183852623028,418.089452729409
49615431.1983361,9096.27981230083,0.010239374335022,24.5124376610751,6910.26245529709,75.5065925016468,412.00866816403
32990488.5631122,8988.4664110642,0.010512877424021,29.7738697612877,4872.09924008562,59.3954939581301,339.962504674443
52457174.0392711,13822.3336806807,0.0114184982506722,27.6730133953401,7841.42581603209,52.3013309150681,292.560121054206
40083784.0512569,7982.5210273045,0.00957971931883022,29.2945561701504,6559.30102520171,76.8931194361479,280.428127430599
42981583.0018227,7432.54462168549,0.0107307688304637,25.1165700533535,7838.90564263534,74.3146164184718,367.605574748114
32531224.2543525,16925.8171886402,0.0107156539930283,21.6022672585921,5317.25715323527,48.1953159013924,332.814779642778
56758177.4890066,9238.73304296153,0.00946525130610055,27.0652500198584,4320.35034970303,50.9043645798299,277.860587442064
37607906.7122427,5579.50174995686,0.00901954098990066,22.0126363311758,6737.94980987811,48.046996161546,223.720460603656
48045710.4199874,15591.5179538565,0.00998626240532037,20.7571177785439,5774.35121281028,21.1622992615999,258.279510477873
35033518.266951,8714.26689620431,0.0081692643193808,29.3040885318948,5840.17638547921,36.0166180933811,478.39871567589
53500609.7158378,6801.3556641093,0.00849102721186302,20.4748287331827,5488.82855920076,33.4314248174151,328.369903778885
42197948.6369649,19792.6876646922,0.0112238991159286,20.7331837564351,4987.91575173058,41.1989005136792,483.403771281057
44723307.8897642,6263.55012437969,0.0108172635462987,21.7430365759209,8269.74248840754,48.9939014393205,434.691575032813
30125028.9066219,6840.16601201572,0.0119326136915564,23.0240635027726,6590.60070193402,33.0241802102,402.21143755788
59456472.9920337,17504.1853784708,0.00950788829697653,27.8429371396769,7439.24322480502,41.133942126945,315.843478889036
36269456.7128257,7489.40211627705,0.0112150332366504,21.2035020889615,6574.65318344777,56.2377821724762,432.764552546319
49167084.8136683,8566.79804825838,0.0112930988095804,23.8521132257777,5868.13848949334,56.4145871965668,308.871843003085
34050260.465046,7176.23250109423,0.0109751045923357,20.827805955316,4671.35375724792,40.7308829648609,231.933083624018
50663535.803963,5110.13278191429,0.00822862680118823,23.2207738013719,8102.85978353865,33.9583525923517,332.372581763921
39071206.3177999,10683.5161893374,0.010823994737387,23.3165292494879,7967.10524045377,68.427118286266,220.924470417309
44107513.7721448,11106.9123273357,0.00999039501181357,22.3407062812623,6746.09942079147,71.4738548651828,456.050982258354
31861865.0824916,8115.5767984507,0.0115178871642262,28.8693801611408,7021.43758379737,60.2200077561302,476.32939861968
56002433.1916599,11591.5852783595,0.00819980766470868,21.8777965778485,4880.4521741996,25.9636032298022,209.232573679702
38544929.7411069,12657.1039543811,0.0103306480568242,26.4685767775244,7018.91737344558,66.3964941079749,249.461261524358
46483505.3292328,9434.35225447355,0.00821921415208983,21.2581725986525,7401.24638437832,59.4476636247663,467.642365317447
34532477.2459607,9579.77288616684,0.010324622361506,22.3808561938295,4735.52074741763,24.3877756521201,370.120142785168
54774349.5614832,7240.49879800348,0.00844050754101043,26.7929865969703,7250.93869331476,50.0799563134832,461.120793654078
41198921.681244,8845.51005421257,0.00899831640202588,21.105319066101,7497.20950598871,38.8115624300843,261.98439307021
45493336.5065951,6738.81716631431,0.00866196754521837,29.9321374583835,7144.78372197852,30.6310160233572,412.106071905426
31157284.4831949,16315.4643002436,0.00857038919747836,21.6901138790681,4354.50927227854,26.3335077188747,435.234746038355
58075874.4555283,7296.10362806309,0.00952787775387076,21.4028958652358,6248.08555494762,27.1843720465617,290.617601572999
36769413.5705268,15024.3637442004,0.0102443673812925,20.4682403788125,6587.93785021897,41.0921549110023,328.266186319865
50099365.532179,13014.4033043468,0.0102073863704953,22.2425232164917,7677.16252756164,24.0441178103298,247.148281990761
33094914.2087422,5716.8544546856,0.010223418649839,25.7263111151853,5166.50034282388,53.4456123375619,451.273788616226
52011132.994199,7362.31426060877,0.00905596271181549,21.5466698971347,7122.95651621828,61.890389309993,448.661387801641
40511859.5684355,6768.38148867011,0.0111389465384937,23.0284559479708,5797.12694654585,70.1329707844627,302.848019426674
42814811.2987004,5325.64543464874,0.00900118120172648,28.6161616400604,8372.05532870012,36.6491837121983,228.392878875985
32132423.746488,17064.2051486601,0.0104608012118268,29.7824308926032,4267.06668570891,61.4580262251849,403.711399396306
56872736.187637,16123.9090739237,0.00903104042319071,22.7334185547565,5892.12456357254,53.8128271842985,391.185875233975
37870438.2614401,6349.95922299073,0.0103697235941993,27.3327712508316,8471.305073215,28.9207156879715,395.929885778416
47628105.4864863,9750.07032719954,0.00954912228190626,28.8389116932993,4827.51015341753,25.4884541985435,444.841994589826
35565315.9055434,6077.24290092778,0.0115626551977047,26.8857301280578,5355.25876886261,73.6437000023689,343.766892225536
52840013.3344347,6893.91577263492,0.00874783309966367,28.7227508901398,4056.73803009876,76.6906227872754,407.469629742571
41661512.3523215,8020.55900831681,0.0112879870903989,28.9019155156441,5290.46405658096,37.3268533933627,219.352695645437
45047135.1795225,15859.465324745,0.00870423972758897,28.1022209976872,6535.95335783641,35.2048542197136,296.724636526174
30563637.1575039,5477.94155552802,0.00809520889570742,25.1167250855048,7239.12913316617,68.5007167523233,450.738369187383
58717528.5722551,8625.4314995017,0.010776585602724,21.4497122957213,7422.38140713908,48.2175455781706,245.064177432271
35830372.1120506,10463.3337638293,0.0110404362636045,24.9254228353919,7934.68192425811,68.9358749803691,436.361675301595
48463973.6273327,7481.31550884178,0.00874183460463937,26.7595368866983,6476.9964160904,42.9981879333377,244.073631092739
33763874.780258,19416.8000030956,0.0101408431849706,26.3961824633961,4535.73546969063,73.2540580168079,256.383006074878
51401010.5077346,6379.81259007219,0.0117984476290338,26.1678799161728,8753.83181901581,65.6888543408897,211.198500576255
39457227.726154,5449.61077079428,0.00958685246076562,27.2358086156196,8144.49078573094,75.5044198311481,300.145148560218
43573781.908415,7779.69116553327,0.00975337099538215,23.5626270068108,7872.03084359399,54.1688296169248,450.117481980432
31657014.200457,13591.7718511619,0.0107085964593298,24.9134514801051,4396.30051103509,43.9383804966201,313.090883078077
55592947.6645856,8779.13635882569,0.0103372760611682,28.2775585746692,6311.94565998309,27.9935095370877,384.186280709118
38469335.6578094,5077.20867225,0.0101418103922347,23.3104128848598,8572.07564578332,70.2533294989465,438.335452215909
46902902.3587514,9511.10056015146,0.00897992538090873,29.5067135246001,8394.00780454945,42.7056919265871,266.66823754237
34573571.4166338,6863.61931773072,0.00990729813259702,23.8516579436592,5230.21738631181,61.7332135022883,207.123736379303
54381046.5068629,6137.08487391764,0.0107783111351917,20.5299377553494,6372.49269788543,59.1549979156945,441.040071209861
40950305.5212609,11505.290929733,0.00938729408360658,27.7009892156408,6270.70547764409,32.4525757614713,338.132653411058
45909224.5652432,10369.5972099555,0.0102983152139908,26.6476501810753,5011.24753749463,27.5310928745764,423.222662901983
30764902.7728728,16271.7099543802,0.00831553734388525,29.6946582008744,5816.05731673676,69.608838066612,223.709502840455
58145062.4984285,5203.19604729814,0.0102362707173807,24.9028115455231,6037.21579682388,64.5459652925887,455.966788431247
37136941.2684515,12597.6097030441,0.00853693583499395,26.7009238434568,5787.91706747477,49.6838226776891,347.759711149662
49716215.0161902,10262.8717895213,0.0105916279861987,25.4611069187648,5416.22224952464,27.2474454698073,275.879636465858
32764498.9837842,9059.60508426903,0.009885964793174,26.7653148910873,7026.70869475095,74.6151177742225,487.328013271446
52173273.883025,6609.28127996685,0.00970375890294771,23.0947463498302,6675.36100865295,54.7155249578884,337.348393672353
39918469.8911689,12476.9562603542,0.00832174946198484,25.4066180664922,4640.77283230285,35.0983797602916,350.792167755973
43204573.6655345,13509.0600200007,0.0114888607562171,28.9605655318128,6017.41821423711,40.0198731559294,287.932838635137
32583927.6060036,15398.4146703192,0.0111399213697371,27.2861216944552,7388.18928989983,72.6714116344199,402.438485505971
56341155.010589,13269.4737077227,0.0111573559463121,25.3153055252248,6924.53743429388,59.3788717319555,474.148988743865
37388987.1098911,8088.0160834531,0.0108939846290192,28.2461494335947,8764.48085199498,20.1557877639643,207.275424043415
48255139.5026944,6370.32248194115,0.00822775086286778,24.5693746724878,8865.66524153656,62.6860464095475,487.949901900766
35215265.5961831,11398.4742958044,0.00992728758221528,25.3795266237592,8959.75218002497,77.7765659384314,248.769699561025
53695460.4974731,13400.9955207075,0.00952205005546994,22.0871310206461,5845.40436644011,40.6569117993596,472.207344630422
42146961.3120918,11576.6007426581,0.00904274948141688,25.1860697196274,5464.86236080821,51.9250690496302,202.92335295686
44470930.418232,14553.8231620441,0.00935972195045938,24.0155011795336,5739.34416648813,77.4643674671438,352.807959413426
30324800.1377187,6064.48983268263,0.00898688608587743,28.3305562912036,7619.62168030601,79.2837531229878,351.500733350742
59883255.2535722,9413.15165596919,0.0111819135389151,25.4976842472368,6341.53973742139,68.1830498016007,488.980818571323
36207804.4836374,10040.7391806576,0.00846785865899347,24.4916012563912,8764.19244546331,49.0331391534546,484.236528067526
49074038.4372455,7185.54503197484,0.0117518204040102,26.3232643891544,5333.9174796401,67.1577227775541,235.896042831866
33877920.2928741,17843.1968665378,0.0117981261208713,20.3954024720983,7822.56867034475,40.3375575243722,463.606500530701
51000691.1061771,5897.93071015865,0.0111586321230627,27.9043646625477,8685.18242286516,76.4683108456768,309.273614568976
39165642.6709918,5930.45057198738,0.00849371747043304,20.6490816670321,4252.11172389603,40.888700622763,356.562961074056
43954769.420121,11759.6063623811,0.0115139894030566,22.3469463203038,8046.41008590382,38.7667161995733,433.87968478649
31687306.3301785,6696.75039947242,0.0115613172129012,25.9343868172794,5422.26082998862,68.7211768521143,267.693524005554
55695673.1974248,19127.6961672319,0.00821875981430714,22.6940284668292,8989.55193575461,49.3075374331279,450.699259958291
38788282.3945422,13107.77994851,0.00927633747463759,22.4099471635946,7269.12483645523,23.4177294443182,209.37010233294
46564082.2689814,17423.7991117077,0.0105802534957965,23.9183675104147,6066.73139836064,34.9853713945997,331.405276992798
34217926.0759317,13131.6649230942,0.00907744680048884,23.154335538664,5671.74151915152,77.1821309341157,393.391783995536
54497135.3385043,17951.2675878928,0.00927033329923559,26.9837671464929,5398.47078674861,53.4890572745168,243.491584902641
41408730.5017422,14222.7638829625,0.00979052948316677,20.1326781654587,5619.12044566123,42.2569860186072,442.774498924262
45601641.352093,19705.1335555497,0.0119130751315475,25.7202413989503,8086.61142752209,67.8357163798335,350.966395884042
31169232.8587066,7457.02199290532,0.0102443859467669,24.3455041032101,8176.27376307152,52.9834556971237,308.954158393507
57562177.6850215,15017.6706314689,0.00849688863994625,21.0406363512271,5901.57450857812,49.9516263364607,435.043205476713
36579761.5564225,6208.64724252221,0.00970166489520921,22.5647735313688,4138.02964055821,70.483301713693,246.089601915278
50383624.5717819,8248.41700720386,0.00971963251978137,24.5013896730226,5246.71849404891,57.4654209399392,314.971697587066
33350556.5538787,11288.9364933301,0.0117545024084644,26.7135795933106,4820.29566956038,76.2206412547731,298.043100588494
51673247.5825334,10511.0444680822,0.00893110319084423,27.6887731294387,6157.88347124949,78.7984277998453,378.188558068289
40366919.2296726,11908.3429226111,0.0111865500255926,25.2544640661839,4514.46326801978,75.1949568338479,419.802542034824
42592722.7512461,19786.5855507271,0.0114732458308644,23.9274930869965,4163.19177450829,55.2507965130391,269.77886240346
32313639.0157291,5664.7830337895,0.0080492684670155,22.5964284538477,8261.46654445472,42.8635947537968,366.866430441744
57354097.6721537,7694.86441557382,0.00904544054860954,25.5855306627517,4755.92685758534,60.9841033127847,293.122114953832
37854324.8378786,17036.7514782142,0.0117447720322078,23.4749466368425,4418.7543465489,45.8793446106282,475.44791222635
47380376.0360746,6952.27814887174,0.0098205921467876,28.6463264642844,4659.63227808816,20.8945955439452,243.776590958263
35374411.3528376,5615.99444203613,0.00884262609235547,23.8897844316709,7152.75611008111,42.3251017331282,332.271169151995
53128684.0330055,5282.13659212978,0.0119718857588226,20.4930394207525,8510.48102261168,37.4028313929256,419.704355040545
41744415.4323596,5116.25208341848,0.0104814079642758,22.6240415421097,5089.92092453556,26.9683862216261,449.686883845675
45005351.8547509,5800.17182383837,0.00932919859103487,21.724826437832,6193.12881643163,22.0463493434396,235.984147441047
30378346.9332753,8023.86040181844,0.00827683309625579,27.4174270230704,7404.25972773586,71.1709380482001,237.8068674508
59058981.7748877,10968.8249559282,0.00874862066806275,26.133576714563,6357.96377516724,59.619480473671,206.763520523916
35886909.7551897,18762.0776665867,0.00880370404731537,21.0299418888375,8471.62269458067,41.9086106936333,297.891412532031
48617414.3545019,16614.703205837,0.00869426544795207,23.9867610558271,5103.98229876954,41.7320203858126,436.498720729874
33459677.0773452,6654.39252464239,0.0117656417679352,22.5371365408682,8588.85362267976,60.1543721086804,345.45907203646
51090409.673639,8903.32867067559,0.0115738223059458,26.3665681484398,8863.192238573,70.2254355668318,495.586892283946
39669676.6829459,6319.31532797889,0.00987878825861151,22.0861600757641,7187.07701918095,73.8159385418522,204.866027581296
43630663.6342065,19647.0902490635,0.00803346399632275,20.4388522835295,5467.68294221115,66.0204243364022,272.315936518449
31371225.1069337,19836.0490707212,0.00871333819968417,25.0998984265189,8736.52529202584,50.1400252795173,497.880246432499
55051508.9186147,6930.95405780485,0.0110046318486774,23.1864529539175,5350.42217351814,31.8247830856743,221.226934961628
38242321.3281402,15474.8667176543,0.0108036476404892,20.4139954336859,4691.62345645706,56.2967790316972,497.475677481208
47174851.0952082,5659.97415225266,0.0102060666116363,21.6599957622124,8797.29730314987,74.7288725314212,453.55543371474
34894885.2148816,15682.4526767969,0.0105970207597323,24.0589509170376,8094.23477589911,44.304460813076,311.481329154251
53958095.6095211,6193.16525907085,0.0104847980163855,26.5499840327214,8956.76269943983,65.3758765219082,465.942083318889
40693938.7409587,7528.28112525461,0.00954229366187031,26.0551487415012,7696.03763677206,48.4969433086609,278.983273536155
46181537.2188485,7913.08304134354,0.0106470961194616,29.5325067154942,8896.9068281732,45.4500450149961,360.263583965727
30930494.1681665,9861.75843120661,0.0116251842442056,22.9206440505321,6384.53749443358,31.2572444598869,459.305573216515
58710602.1770345,6280.8329547723,0.00844618801056075,20.751041309801,7528.32838441919,20.3250062023009,399.919970417672
37014155.1054453,8980.99801362261,0.00904894694898696,24.1595887693688,8622.84976945775,46.9497251840094,341.255994427776
49505685.0111816,7998.08586374948,0.0104941803881873,28.3563036818016,6538.80211499609,39.3029170421039,338.83761134616
32981961.7741087,14120.0716911626,0.00904383678306392,29.4957141836272,5631.58834017176,58.8344370778908,429.204023866526
52546963.9376959,6548.89551190238,0.00905879713179233,28.946115654231,4240.13703189595,76.8465809067048,305.96242683949
40058893.9844336,7120.67756593118,0.0111359371378999,25.5899500565888,8056.24284768529,55.1180674144389,454.994084069437
43102012.2494529,13385.6158244266,0.0117734549972306,23.1004428198112,8452.76736090595,32.1858620804048,317.585008790939
32445839.2098825,5874.31113341521,0.0117896665675813,28.9307246177337,5953.70187684303,60.3243456371491,380.500749145173
56637396.9732784,8700.25733828187,0.0117568063239344,28.3673600958948,5811.70348645117,73.6022410590684,461.664072207589
37462411.9112228,5882.22798428524,0.00890295290492953,21.7333299462741,4414.57852310597,73.9225036821555,378.73234891156
47798282.4576451,10091.5701518054,0.00994531358417614,21.443155507137,6266.04058274845,73.3673540166098,234.48238126278
34950515.0430464,16725.0867472297,0.0119320296561004,24.6461856761826,4531.65464436522,23.8017396895703,414.65506166717
53336960.4766582,10040.3210248714,0.0117206785268221,25.8193482117241,4179.84868354573,45.5764969298273,264.709058730297
42422173.3251429,12809.711180285,0.0112154970495362,21.4582799625836,4552.48139428998,64.3446598097248,458.993233705603
44550285.0810822,6071.42508421031,0.0111996979451787,22.0029666875535,5319.23313705121,74.8566751687113,280.842585265288
30022698.8948262,6448.04507443142,0.00934416960823261,21.8554729160338,7906.80216434341,38.9787634305917,258.24712068473
59583339.2011555,18369.4395309343,0.0112055710058509,26.6476436662606,8935.48394344365,34.3589907541796,499.871267858145
36364916.0298176,13428.7959142761,0.0102895338542805,28.2586279709575,7215.67435699643,38.4839815200815,253.847171294278
49337049.1827205,9384.76347970312,0.00999090937037477,20.0182651105784,4371.29695124261,79.1122203249527,427.192382028113
34131640.2634801,14821.466066079,0.00861547207749875,22.0449095077594,8584.522671093,28.2412833766872,218.347922713052
50513487.9587844,16103.999779652,0.0116990397732136,23.5673126006406,7383.6583807816,32.694542644985,429.743000492067
38953379.0741302,8399.90093695395,0.00935355173417951,23.6630442070689,7519.51039725115,65.7550761861235,393.515616918173
44235350.3514294,12647.4838249224,0.00974340432699074,26.1528613880174,6976.40762247336,43.6872243311325,229.208632715415
32001832.1658531,10587.2034250267,0.00805040435115319,29.1478407705826,8484.70094072874,58.9621701907866,311.567031300709
56211980.2046495,5492.10323980552,0.0103399887074179,20.6828003153904,8491.08698468289,43.008870655941,222.811145855764
38629166.9473633,13889.0454131197,0.00888284131049295,27.7909759778013,8183.74673283609,58.1128537526196,414.514889053447
46323342.6136666,8504.57693119984,0.0105575381323291,22.6121574957838,8423.85921092891,68.5516752686659,342.212756751676
34436353.1822676,10274.1199428553,0.011179824618616,29.4274652915304,4056.0463091586,66.6338853987084,343.519901785053
54958726.9455716,7856.98233239177,0.0107749271786126,28.0877697522641,8586.64339269607,74.1986867467682,279.592247095388
41106118.0697806,10435.0944715242,0.0117875350231717,29.8492426160092,7519.19799991359,63.1959316456653,295.631915860913
45365121.2848513,16244.8739559715,0.0116230006600972,21.1785025632964,7244.85898404265,66.2502688110533,445.511989698567
30992401.1376744,9023.91419979002,0.010282526120718,28.8827428997978,7179.64967758431,51.3973275177752,216.015210140748
57905067.2835756,5736.82320248175,0.00858890423641,22.6766754383074,7283.87807464291,32.0674651578222,497.840963632902
36740032.1417328,9799.45114765587,0.00889392824920182,27.6509176607669,5023.73486346648,66.6533349099209,397.339308793696
49927004.0985265,8324.48396563993,0.00901216180432058,28.4766716396182,7660.0514815729,78.4317257222202,290.546187766986
33180837.4815484,18968.2484832519,0.0090595051151112,24.492166862383,5183.6071314859,44.0799748472129,409.858145384202
51970656.626083,17699.5060429943,0.0101259830341769,21.1701803623919,6404.61779461221,47.1268400588931,341.430733895209
40620265.8721925,9280.43798494243,0.0117742888656113,28.4627640136762,8124.22638136893,59.3240411777761,365.423063375251
42725095.4828137,12267.5398191864,0.0101811308461201,29.023173968853,5154.90855083239,51.4205502584009,411.790935183605
32034137.2256671,15552.7623914265,0.0095368606012672,25.1368137296039,6130.57965979195,45.7444403741684,360.527582393664
57047082.1365533,17858.5956632001,0.0109820995815694,22.3472640555841,4006.85827832438,38.1498032118823,357.084307104783
38062068.115379,7340.80859976409,0.0083061902800691,29.1453909218037,5008.09197730093,53.2289220076397,240.364501958795
47731260.8235636,19398.5453636013,0.00834328045037229,21.1206030369275,6949.21081048985,23.6436136085631,241.91474363631
35601726.7873657,7661.15000526629,0.00950314922061295,28.8234552697363,6852.83468287747,38.5524083287765,499.917901467131
52754213.3845943,5233.87651171952,0.0112652796664908,26.509375178529,5921.2523622232,30.5081514847167,373.605882225077
41531985.0239195,8611.64920682915,0.0087075370952609,26.0176343927911,4677.17039003986,54.8865996580733,262.901575536601
45264387.8219212,9743.31057388323,0.0116029501008171,29.5712390848289,5976.30112354644,50.4330692453969,497.698502199875
30637213.242979,7923.65633049093,0.0089921011721218,20.932331225709,4839.66610407823,64.2396083242564,217.71044353743
59003030.9155635,14983.134666046,0.00990963259073621,21.228094105537,5479.58254689135,63.4507633741931,362.837984906779
35711427.6413416,6151.56504866575,0.00814175379262455,22.6751553443786,4889.61152042813,24.1727518681733,318.584067989459
48358388.7013696,19266.4605944189,0.00877918740780566,29.1535762573887,5554.64690228675,40.1469335601444,378.839581779285
33643243.0623352,5454.39507681597,0.0116982829128275,27.9944059235644,7084.41435308209,57.9977733736465,253.265125664202
51555898.5811769,6357.75043334563,0.0095668603222613,23.6617344343932,4590.06783667839,31.4701561445748,315.475669120059
39411935.8210088,17325.7893621075,0.0080037699765997,28.3658971983425,5615.24764055519,60.7754807636699,284.502979806722
43374356.0863856,13781.263144594,0.00833618236386318,22.0364655892414,5264.53855412478,68.9563776352312,434.375015766624
31556327.3809306,5331.28463717955,0.0108123569374287,22.2887267102783,4722.73686218729,39.21044510655,459.575011123441
55334204.8010285,14923.9815672661,0.00946979184608066,29.1228362563107,6864.36887260154,73.230407767751,258.213523674713
38360153.6644926,7345.81985542002,0.0107574522516637,27.5631375553375,5977.33822630853,58.5004896187676,220.560074075819
46868631.9712704,16161.2236656758,0.011831292976899,27.8594344858062,4078.26648939311,57.9453332747753,373.89092318812
34692830.8127932,11180.4710200402,0.0107747697042224,23.4751296659076,8258.14085815946,46.961407185989,399.900235034677
54249147.0091567,5662.06849208889,0.00923302872245224,24.5507411806166,4503.01922177287,48.6480017567198,472.601269727889
40962554.9983101,18658.7049300098,0.0114526670318128,25.801089196997,7187.37929241428,57.2442115875955,481.981314271708
45778885.4026845,5213.89537903454,0.0115905170231154,23.3116535627002,6800.84062528326,33.3015859276473,290.60678203136
30713936.6189645,13193.5608489772,0.0102500499939177,26.6225994452052,6725.24960531565,48.2156386787876,370.485504268233
58321354.306192,9050.16636170123,0.00817468954314039,21.7242667086489,7735.13952981687,25.1205672260428,311.531968230086
37226046.6297091,11482.0327684747,0.0114606325201291,28.2186224651096,5156.23659765744,58.3370976634168,306.898113280655
49811917.1841906,6304.84286967968,0.00972422889403955,26.9386748451273,7368.70552115197,72.4806709776336,476.858965081993
32854838.4578616,6213.13748172067,0.00902898199340679,22.1905439400475,4427.08847907127,56.3652092562344,255.982297994147
52330072.7005265,9490.78034239769,0.00931854633931832,28.5198037374865,4152.60692552158,73.9505102640756,406.096376705101
39832887.6098402,5186.90163450784,0.0114855624535303,26.87567370455,7832.2656025114,50.334809166336,251.772613778026
43331895.4557697,8098.77592304826,0.00829369678196325,20.1971202712353,5883.16318915312,64.3896211447186,254.449095429673
32669751.6077868,9620.26686799734,0.00997472024304339,24.478754144778,4577.65928914473,49.5977192101365,323.843949570033
56517509.7499572,17618.8434280384,0.0102252335683003,29.3551220815616,5533.51486514928,51.3765857894632,306.105842881569
37303076.922524,5122.90060386928,0.0119579582033201,27.0492836958795,4796.61662905592,30.6508257812017,412.469743875801
48113251.1679267,11626.6488749923,0.0108754161852864,27.3767851124982,5444.5438988773,29.568332393717,257.01386903909
35128300.0849388,9507.84594993443,0.0108570702575681,24.1356532162311,8898.700003334,27.1605009692743,290.098362107354
53723600.2106766,11966.280120763,0.0111992440246303,23.4186927190819,4368.09348913684,34.8341946389258,337.627187575277
42036799.9841576,8776.2424943606,0.00846831025307266,22.8673689341876,6118.39566157321,41.6710394691227,473.256103737082
44361717.3743361,6831.20555988625,0.00812897037369751,26.6966288806406,6470.39219083667,27.8353844034157,323.295232796874
30179688.9370807,6646.07218767637,0.0102890650939836,27.1743228637701,8804.04964645625,56.4687317761888,233.390770088663
59699420.2361599,19868.0509026647,0.00929196197501782,26.7903141209889,7730.99077104618,62.8455062887741,464.912914696985
36120428.2239104,7846.73509906403,0.0119988800122218,24.8384456787465,6749.20949983822,47.7661248601822,282.568234685831
48966905.8644099,9721.91248153921,0.0115144417729002,20.2953029810828,5576.39451472447,48.0619501128712,458.041772796486
33963443.6357047,15658.7905308397,0.011560863950003,26.7358626697404,8204.93069388858,74.4426622968281,240.293468523445
50743199.6763982,15217.0957539349,0.00862864786997644,27.6359748589191,6828.28061750191,79.364255714645,473.953460495246
39230853.3956062,11238.5642419194,0.0101027166263219,21.9514926578259,7829.16766639307,28.0804544918548,369.988146727106
43929948.9813215,10601.0645367733,0.00920777068990525,23.7107019798113,6569.09443863735,33.002764279597,306.24837579652
31839686.2527208,6039.06089908431,0.00922300378296861,29.5704833603354,4087.08065135402,59.5001775330084,393.333699394669
55860531.8541227,5312.25391009582,0.00926980850983777,25.3642930188575,8218.82994356161,59.6785864042042,273.52256081333
38818788.0548039,12339.0565648546,0.011937907636764,23.7248720147423,8604.92489860275,44.8411614626914,381.381599106831
46665402.4094346,18023.4729437431,0.0114635652750403,24.8277137666739,8702.61646083983,60.8499498106022,496.010993920565
34291811.093996,16991.6801481239,0.00911584752330224,24.0356857672506,6408.02212451359,24.8603383684556,361.501393131418
54657832.1266057,14113.9169896824,0.0092941772638849,25.2088672269383,6056.25460752096,44.7595807059862,211.478160473773
41311300.3898809,9648.31550032131,0.0100612443209367,26.0833724482298,4467.00866956772,22.4833399676075,375.30452345904
45682943.3760295,12892.7064126839,0.0119053484155827,26.4795169189143,8997.69099808367,30.1657310060168,401.583317504004
31279372.7317678,7209.03478207148,0.0118621728022057,24.4102838586867,5499.36105553584,26.7984449464126,444.043452545421
57670823.3486865,16479.3681535693,0.0107873632034689,24.6987034387113,4897.89629317177,25.7743163989372,300.380650952172
36550861.2740554,6513.09514338206,0.0110196068889995,21.3774071031759,5478.69821372867,61.2619164391444,418.471887259023
50234880.0483009,11931.5561662632,0.00877019269492848,27.4451764415709,4481.18567561672,37.7191429429082,360.880363922456
33325770.4001733,10070.1064787535,0.00946685286697187,27.8595895575842,5979.63677936168,52.0432886289049,442.066926455217
51795220.374955,5086.17984738391,0.0105408192267269,28.9742636468042,7254.25129591194,50.3566937997601,364.768227270577
40241353.7927001,9356.5820493677,0.00865507044931748,25.6107637220515,5981.84168131544,74.1044104292054,218.062165943143
42493985.182498,6413.86870128995,0.00894271373565252,24.2837735206181,6333.19932327904,56.5045079502161,368.101268625725
32210379.349986,6455.84041328947,0.00830996526951201,28.9100057411003,8039.46605403032,72.2681804148524,290.193440883432
57252540.8863964,11661.8924394076,0.0105149374959667,25.3070460671425,5750.13447775933,58.3152655585504,494.799563497373
37713227.2662722,8802.23630737275,0.00985361521771961,24.7506655739094,8327.80337402891,24.9669070906017,499.538999129998
47493596.7789226,13454.8894920013,0.0117118790196193,29.8510835228345,8553.24133635355,48.2524078940356,258.359953419208
35394520.4668392,5064.44665660286,0.0103791950623926,20.0583750231366,8644.73465319427,33.1623389761743,478.789945614791
52980799.8957216,19028.9100079162,0.0105229348094072,27.548192201667,7781.26286390896,57.0319003962052,293.933378562571
41946943.5315839,5544.61424873329,0.00880311917611379,21.319340154121,6410.38993340982,48.787299446974,284.564591473302
44871393.5366532,18937.7780953828,0.0103839735405879,27.9809547465972,6332.2713478862,72.6661084408426,345.07199060651
30479150.9590164,13676.7400189765,0.0114407465755708,23.6540169662339,7309.02904634783,31.8011783226446,281.137030124731
59327849.468256,6158.66834665304,0.010398242809787,23.3259052347326,7912.40115560092,33.1182827448714,425.973900555596
35969179.5154369,12458.7837989437,0.00986082642806613,24.8904486001788,5245.88811670973,46.3980016702078,463.613991343558
48800129.2231933,8909.953278013,0.0104215969080442,26.8038976513844,6664.55165603698,65.5369902621711,215.081813095296
33541226.3921447,16306.8446455805,0.00894548544485892,26.2736979087193,8645.02768073178,35.7883255124533,229.734794452369
51260246.4363144,10221.000147849,0.00864423037249826,22.6006879612863,8997.45323243894,34.5951879583046,379.609870694306
39639467.231219,7593.5506114198,0.00920713208505978,27.8523127849889,7503.10410996786,58.2728071417747,410.743551713499
43742518.2867401,9239.94714423557,0.0110892631363174,23.4401341144504,4947.40179793734,31.6343751178119,495.515549986025
31437648.8203066,11414.555953374,0.00838823764659303,24.9581150209991,8432.74039893831,66.4737361100267,286.442671732952
55217275.766206,14719.3969613504,0.0110248117120011,29.3145111322212,8083.5132024975,44.507422093566,251.855666380985
38150321.4728363,6330.23696818783,0.0107922111135888,27.0886238744574,7581.39612350919,65.0573923641962,429.127286304485
47127413.1327503,13261.5914486936,0.0118746586526723,27.4155148091193,8187.20949160577,66.3147581808566,282.534673442832
34807504.9099525,11517.6240537386,0.0087198642848117,23.713133297123,7001.78359764432,78.2462105314296,415.003091372705
54013410.1078187,10288.5555605876,0.0115906190947062,21.8758167725936,8339.97711287086,75.6678188148428,346.319895508839
40790948.2999289,17689.3803241961,0.00838273100908285,20.4949415949826,7100.66263464725,40.0471521136818,459.377303992515
46043174.2211315,12961.8587989229,0.0106361936133984,22.9652524660023,6159.39068469678,32.7636502159918,414.009344916259
30870344.4913045,5802.10932587442,0.0114607360845609,27.1349397511582,6077.70143957999,47.8527957754052,325.049392731295
58538370.5464289,12405.172387705,0.0114236075272327,22.5035539301255,8043.1592334074,77.3300722011766,325.394563112382
36885954.7739579,5283.97436996285,0.00984950389636261,25.8641761399505,8937.04584310112,32.2287516439802,443.139057073602
49535037.9329962,6507.82657312954,0.0106698649395313,21.6224564516266,6842.62284501261,24.8144483318125,426.807445034993
33030773.1448764,14513.8661305332,0.0105401276942961,24.4639813503208,6935.51438753949,25.0866491478734,319.411182357765
52537332.8264526,5549.66233198775,0.0113834925968536,22.9731665820747,6466.18706347441,32.2938816310821,308.355287650094
40181700.3977641,10448.1226035285,0.0105170167222171,25.3633910009944,8188.23709257448,72.5016981304399,399.143956421677
42905133.4273196,11345.3348194284,0.00966847059167363,28.9951689936492,6850.6491349184,77.4233784948527,315.189876205034
32451736.8942014,7045.64569381621,0.00965244010768461,23.0361695118092,4430.35718893714,45.0665742730998,382.939369594092
56802938.9162569,5856.82512648276,0.00825297754851753,23.4137617830334,6988.85760686618,39.8500254153176,342.06589813318
37637139.8003465,9580.43927647614,0.00819862676995469,28.1342673353593,4103.73699889321,57.6762650517127,255.627212715872
47936932.1917758,5350.11827853103,0.0109229884395502,24.6820936016731,4305.29383917695,25.2241331822904,458.935052380676
35066022.1452304,13610.9130723178,0.0112320500049487,25.4129117821543,4220.85361442193,40.3702721079619,201.022015631415
53449889.655101,17436.0883741844,0.0114277456165742,24.0860933911095,4493.39927604355,30.2988724831066,350.900480589085
42262877.5865711,7991.26979738602,0.0111889545007514,26.04336961495,6665.88913009049,74.3377012109863,466.441279932273
44777445.88933,10060.9556753133,0.0108445748477792,26.4425704444264,5884.0619494391,66.4213947244959,456.419395239757
30117177.2144768,8779.63883435762,0.0114707662755141,20.9141306267325,6503.06684660907,68.7054033529928,455.382141488194
59410341.5880576,13637.8427093965,0.00907908735002728,25.7341200529836,7527.63605510453,58.0761524871305,227.807772035238
36352274.0826101,5593.30220927672,0.0116297538975728,22.686022169277,6643.56900848297,43.1481761692707,410.648661285495
49222258.9335381,10870.2383076809,0.00997988501144899,27.4839184873199,6640.80216320814,59.101478469933,499.43233400107
34019188.5169819,12880.4435581053,0.00828297878287204,27.8214584591986,8898.37775959768,43.8997636221569,416.043646522321
50651575.5784652,8147.75804329515,0.00867475409025272,20.3320228224814,8191.49155423952,65.8940952621346,206.545678893312
39054929.7207212,15599.4053572547,0.0102687182178004,20.5827980310267,8054.41863340138,32.8338439113781,318.047282436663
44141893.5703857,15197.753479512,0.00942067534795357,23.8232930908396,6657.631490968,28.3802952977331,405.22417117484
31895509.5084711,18081.2302060378,0.00901550632682689,26.94200642105,6928.83777512617,70.450040631229,409.304080400268
55933676.3905772,6461.05974967591,0.0107042675294626,23.8542457377866,4670.32150108551,43.8291339278222,310.993286537632
38534219.5855094,8849.44683114406,0.0117927900177235,21.0909167066177,6388.006772428,25.2051870861603,364.823007627214
46437176.113065,13529.2690715969,0.00964965031627058,26.1817307181819,5541.84635598916,48.9594673519708,278.449347124262
34448653.5257108,13763.4080189161,0.0118019316182581,25.0986037455284,7857.19501012739,65.3448864319896,265.302694684803
54860777.5648768,6648.62051151143,0.0117870915517428,25.8038962287813,7022.38909460243,55.2172274248826,404.218334500807
41249966.1825232,5743.30336219731,0.0112740845219709,21.4540481069758,6807.85712138071,36.4858507502222,280.210114427702
45453383.449259,7378.58390679633,0.0110656353641093,27.7810190874036,7082.19609024388,33.8996806479979,430.172147256851
31084283.6889799,5710.45113565506,0.0090481580656681,25.8278351682454,8745.10413791562,67.0560843840279,329.094092556865
57934640.298971,10395.0810571249,0.00809942529189459,26.1570911407062,6886.92584349451,68.1415597172939,476.276094009988
36826977.3148781,9959.02507148706,0.00872611453968476,23.4872176059057,6730.01329522112,28.7051679308769,261.093524372739
50177734.9857263,5129.22571670851,0.00869719301191526,24.211714905605,7496.3247246195,45.6891173387485,332.923331989546
33149489.0671285,12737.0233060654,0.00874361508284788,27.5071045264023,5035.13937281229,76.8154367294125,367.860227029576
52085016.7294325,8063.1061797746,0.00835376631706748,20.016448186652,4481.67849406147,39.7478351814094,259.707130887726
40411739.3569469,6230.5187847637,0.0104660949403271,24.1584419870631,8283.37529704311,31.9788082157249,407.42499394624
42883300.4940417,12335.3698238009,0.0104507489498244,24.8594071032568,6588.88443066175,43.4724123907687,248.033500447375
32184335.5861144,7702.53499887466,0.00902682783040871,23.5391805491376,5698.61760250894,54.6401335162685,384.071350042073
56926070.6408353,9438.32685652328,0.0104564725669479,28.947414991834,5166.0830607649,62.0519046005336,373.303063241982
37962757.1772898,6605.13289657671,0.0110406157939191,26.105274380934,5945.95629917155,65.2246037493308,277.281255853837
47574630.2383343,8597.80918479671,0.00884498168748813,27.7229661254945,7380.28571357052,76.6164546016414,263.488901083508
35511160.1716544,15245.8467986999,0.010359315107549,22.7259336057569,6427.88602697848,36.84624404223,494.762599796316
52902598.5981145,15650.7767093972,0.00945519671288878,21.6704678867336,5167.812726473,39.4246649313749,256.414412754648
41725046.0752851,14038.1565746018,0.0105090292385136,20.8760693181302,6407.16537321506,75.0599492137184,370.700881108326
45126405.8013877,7472.33195415579,0.0104004267629937,28.3655050293522,5707.26810058496,37.9922609726022,252.023511488981
30508656.4797945,10891.0363649352,0.0107913329881444,26.0837384428622,6254.13069399906,65.6923065552781,400.517760904915
58831320.2738376,7445.49988067425,0.0102028788609874,27.3183779770647,7234.80908554546,61.6413024406875,367.126365742455
35790617.0385083,12246.3871514579,0.0119979788034724,28.7625391252825,7824.63156402121,25.8643956496254,314.078611023387
48525050.676867,8751.01908671879,0.00828432187326376,22.0041086630701,6274.54201581351,60.2963458390023,365.770756751211
33731844.822938,8666.17615774243,0.00896394519609178,27.304171434334,8020.02442731845,76.0561095471581,292.506781033944
51308818.2750744,13116.3896087005,0.00911981583277281,25.181776308456,4739.42749541194,68.4972573715989,339.907411997576
39503976.8929549,17374.0240271823,0.00836642161672499,22.9959726013907,8631.33069400174,38.7061060948691,448.861193066939
43507375.611857,13562.525116747,0.00804362219760743,26.8254040603147,8981.84916718721,31.9026272259842,298.764718728064
31608810.9700339,7765.4343369959,0.0114943949710753,25.3232122769972,4886.76918760556,66.2036561283713,464.443502986821
55493138.9479644,9614.61206477538,0.0110100749878337,29.5343427829764,8708.50994916717,66.1440242873772,345.238311324367
38400292.4871584,5869.92422533732,0.0114396715759807,24.5038731195803,6135.87754133263,31.3823732987723,253.480475673473
46979049.569997,16444.5556343536,0.0115388986467145,23.2683268858082,7665.56238589108,35.8933853676052,209.541918845559
34611301.5820983,11381.3049385358,0.0106071406322912,27.5949511093347,5985.53723538414,54.0143274506855,264.250079802597
54284002.245615,10482.5645332208,0.00970346494000886,26.7732979180516,4667.48545442689,50.9675191067381,497.031708322217
40855985.7938067,10368.4501003875,0.00821835774653883,28.860889650001,8747.22523945724,69.6537101313708,372.395400569414
45997640.6295606,11510.2250254849,0.0110961550280458,25.541610886604,7526.21921722476,66.6071263091861,303.969223733955
30809071.9868846,15825.3744149421,0.0113090240106403,29.4558275869666,8919.54082251459,22.1377056508797,346.284040466758
58238540.9954501,5291.6927893553,0.00913926699102793,24.6771714539069,8049.39502960639,43.5885330128195,409.196203806679
37083698.2450459,12387.0824302551,0.0115886171321899,26.3165974141048,8932.90805589271,58.4542199436322,226.924766001047
49698278.7191385,19901.2771043733,0.0105686451541554,24.2673984231518,4000.87189588686,45.1394320255925,453.031716445159
32752743.0293469,5636.36310464569,0.00989124695308573,22.9592999241282,8111.21065081583,56.716851386023,314.864148329861
52192034.9504634,7398.50782520254,0.00969848437242278,26.6324623093508,7758.8230318859,72.895787963615,464.987963869357
39952571.2042996,8463.10095054808,0.010450479893784,29.203492613881,7522.89378999805,76.2648874618943,426.771447060147
43124560.1003284,9917.46868216182,0.00936000733163907,25.1793264691676,8762.82564730068,73.6867395052674,211.896410959597
32572247.2394391,13282.6486319554,0.0111453813973849,23.611664893127,8491.00151577297,54.9419313281796,269.822322550699
56244688.6409899,15411.7675524448,0.0111823453090643,24.3312605676194,8320.49988651733,71.9533463568312,348.660849611814
37427758.5458909,6045.06886750305,0.0108837047314709,22.1061399922086,7661.56344487876,47.4264362061519,370.06322416371
48193858.9812132,5997.73265888558,0.0111468332904339,24.9521671648151,5836.33498087031,45.4483949519605,384.390824702063
35259868.4771936,11206.4418276452,0.0109481432848537,25.1379557051185,5775.70234250067,30.3633674771903,276.696885895887
53553690.6217168,12504.4161016897,0.00881797682498143,20.7271878778358,8241.96911890147,64.7292472532545,217.043873404148
42135310.0046474,10233.3305125034,0.00836795605059473,26.3746495283553,7990.21076683371,45.9681873227439,468.054064460792
44498202.855992,16282.3681878385,0.00803450415837911,22.5476783993543,8340.94828708902,24.6480997693602,317.950678701557
30271324.8610565,10831.6197300017,0.0115607557444038,24.5982921272901,8414.63323093704,72.4696226039211,408.009095674627
59989041.0438542,16252.7551529434,0.00836610052098487,21.730024591593,4873.36731716225,75.9531625791303,432.467312428487
36216189.9418735,11862.5956466137,0.00913681666104019,23.3226981538008,6277.94491001883,56.8311544185236,223.80247170558
49002449.8808623,8306.71896135986,0.0105808822001566,25.2373786160148,7809.18016776249,31.2045101873773,491.074972243075
